7/2/2011,0,236274
7/2/2011,1,215359
7/2/2011,2,170011
7/2/2011,3,147487
7/2/2011,4,121084
7/2/2011,5,136020
7/2/2011,6,189700
7/2/2011,7,228583
7/2/2011,8,347453
7/2/2011,9,414155
7/2/2011,10,457458
7/2/2011,11,495242
7/2/2011,12,453131
7/2/2011,13,408085
7/2/2011,14,373257
7/2/2011,15,343477
7/2/2011,16,322669
7/2/2011,17,292909
7/2/2011,18,263687
7/2/2011,19,245790
7/2/2011,20,232283
7/2/2011,21,217625
7/2/2011,22,204756
7/2/2011,23,181162
7/3/2011,0,176436
7/3/2011,1,182406
7/3/2011,2,147018
7/3/2011,3,123865
7/3/2011,4,109693
7/3/2011,5,95760
7/3/2011,6,87702
7/3/2011,7,104948
7/3/2011,8,158494
7/3/2011,9,215676
7/3/2011,10,261784
7/3/2011,11,292384
7/3/2011,12,305834
7/3/2011,13,303057
7/3/2011,14,281982
7/3/2011,15,262277
7/3/2011,16,249154
7/3/2011,17,238406
7/3/2011,18,227125
7/3/2011,19,220714
7/3/2011,20,213530
7/3/2011,21,204178
7/3/2011,22,196790
7/3/2011,23,182526
7/4/2011,0,196202
7/4/2011,1,172209
7/4/2011,2,134825
7/4/2011,3,109645
7/4/2011,4,93404
7/4/2011,5,100247
7/4/2011,6,121180
7/4/2011,7,174944
7/4/2011,8,227506
7/4/2011,9,301132
7/4/2011,10,362816
7/4/2011,11,386195
7/4/2011,12,393362
7/4/2011,13,369729
7/4/2011,14,334953
7/4/2011,15,304147
7/4/2011,16,290952
7/4/2011,17,273861
7/4/2011,18,258680
7/4/2011,19,256868
7/4/2011,20,251926
7/4/2011,21,240483
7/4/2011,22,233947
7/4/2011,23,215188
7/5/2011,0,204744
7/5/2011,1,180852
7/5/2011,2,140052
7/5/2011,3,107279
7/5/2011,4,96609
7/5/2011,5,128636
7/5/2011,6,213678
7/5/2011,7,321314
7/5/2011,8,492115
7/5/2011,9,614931
7/5/2011,10,671388
7/5/2011,11,713293
7/5/2011,12,673945
7/5/2011,13,633352
7/5/2011,14,543563
7/5/2011,15,548667
7/5/2011,16,544380
7/5/2011,17,517645
7/5/2011,18,488814
7/5/2011,19,464351
7/5/2011,20,432792
7/5/2011,21,386765
7/5/2011,22,300229
7/5/2011,23,288898
7/6/2011,0,302997
7/6/2011,1,325454
7/6/2011,2,191158
7/6/2011,3,150090
7/6/2011,4,123467
7/6/2011,5,164964
7/6/2011,6,251043
7/6/2011,7,373991
7/6/2011,8,494016
7/6/2011,9,645233
7/6/2011,10,623496
7/6/2011,11,643339
7/6/2011,12,654124
7/6/2011,13,574419
7/6/2011,14,527124
7/6/2011,15,500807
7/6/2011,16,492555
7/6/2011,17,471795
7/6/2011,18,441779
7/6/2011,19,418441
7/6/2011,20,389628
7/6/2011,21,325325
7/6/2011,22,329815
7/6/2011,23,384277
7/7/2011,0,282377
7/7/2011,1,231127
7/7/2011,2,178641
7/7/2011,3,138091
7/7/2011,4,108072
7/7/2011,5,152101
7/7/2011,6,256383
7/7/2011,7,371560
7/7/2011,8,517412
7/7/2011,9,594557
7/7/2011,10,634668
7/7/2011,11,625657
7/7/2011,12,617950
7/7/2011,13,551033
7/7/2011,14,505200
7/7/2011,15,487201
7/7/2011,16,488535
7/7/2011,17,473922
7/7/2011,18,444115
7/7/2011,19,421506
7/7/2011,20,398926
7/7/2011,21,356832
7/7/2011,22,327934
7/7/2011,23,330521
7/8/2011,0,250918
7/8/2011,1,231082
7/8/2011,2,210586
7/8/2011,3,165018
7/8/2011,4,132290
7/8/2011,5,178257
7/8/2011,6,271813
7/8/2011,7,401643
7/8/2011,8,531506
7/8/2011,9,666072
7/8/2011,10,662439
7/8/2011,11,595545
7/8/2011,12,684340
7/8/2011,13,565814
7/8/2011,14,518600
7/8/2011,15,492592
7/8/2011,16,486388
7/8/2011,17,469233
7/8/2011,18,429798
7/8/2011,19,389113
7/8/2011,20,349400
7/8/2011,21,310016
7/8/2011,22,280399
7/8/2011,23,241865
7/9/2011,0,231308
7/9/2011,1,207186
7/9/2011,2,170746
7/9/2011,3,136559
7/9/2011,4,106963
7/9/2011,5,130312
7/9/2011,6,183899
7/9/2011,7,219573
7/9/2011,8,336262
7/9/2011,9,390148
7/9/2011,10,447867
7/9/2011,11,464399
7/9/2011,12,426269
7/9/2011,13,395823
7/9/2011,14,377374
7/9/2011,15,349734
7/9/2011,16,327048
7/9/2011,17,313865
7/9/2011,18,292739
7/9/2011,19,274715
7/9/2011,20,257026
7/9/2011,21,238622
7/9/2011,22,220233
7/9/2011,23,179980
7/10/2011,0,147203
7/10/2011,1,111892
7/10/2011,2,84060
7/10/2011,3,57898
7/10/2011,4,44035
7/10/2011,5,36059
7/10/2011,6,49512
7/10/2011,7,95848
7/10/2011,8,155721
7/10/2011,9,228228
7/10/2011,10,285545
7/10/2011,11,309933
7/10/2011,12,318698
7/10/2011,13,313947
7/10/2011,14,302073
7/10/2011,15,288939
7/10/2011,16,282140
7/10/2011,17,275836
7/10/2011,18,270937
7/10/2011,19,270707
7/10/2011,20,274519
7/10/2011,21,278195
7/10/2011,22,272684
7/10/2011,23,426815
7/11/2011,0,304381
7/11/2011,1,186166
7/11/2011,2,142649
7/11/2011,3,104711
7/11/2011,4,97987
7/11/2011,5,121898
7/11/2011,6,186577
7/11/2011,7,291348
7/11/2011,8,435377
7/11/2011,9,552656
7/11/2011,10,596704
7/11/2011,11,624739
7/11/2011,12,610168
7/11/2011,13,571738
7/11/2011,14,552393
7/11/2011,15,527844
7/11/2011,16,511908
7/11/2011,17,479943
7/11/2011,18,450240
7/11/2011,19,429908
7/11/2011,20,400182
7/11/2011,21,367341
7/11/2011,22,346587
7/11/2011,23,305728
7/12/2011,0,250948
7/12/2011,1,205612
7/12/2011,2,160735
7/12/2011,3,108461
7/12/2011,4,87269
7/12/2011,5,125339
7/12/2011,6,222153
7/12/2011,7,340917
7/12/2011,8,465321
7/12/2011,9,592088
7/12/2011,10,601358
7/12/2011,11,615333
7/12/2011,12,560490
7/12/2011,13,535492
7/12/2011,14,502187
7/12/2011,15,469304
7/12/2011,16,463702
7/12/2011,17,444736
7/12/2011,18,419590
7/12/2011,19,406488
7/12/2011,20,383933
7/12/2011,21,358634
7/12/2011,22,341880
7/12/2011,23,282369
7/13/2011,0,261984
7/13/2011,1,210893
7/13/2011,2,159956
7/13/2011,3,128582
7/13/2011,4,108094
7/13/2011,5,144337
7/13/2011,6,231274
7/13/2011,7,340658
7/13/2011,8,446917
7/13/2011,9,558809
7/13/2011,10,581075
7/13/2011,11,577923
7/13/2011,12,549112
7/13/2011,13,514929
7/13/2011,14,482446
7/13/2011,15,459949
7/13/2011,16,453904
7/13/2011,17,440743
7/13/2011,18,420033
7/13/2011,19,402951
7/13/2011,20,379418
7/13/2011,21,353610
7/13/2011,22,345701
7/13/2011,23,283484
7/14/2011,0,254327
7/14/2011,1,214285
7/14/2011,2,160603
7/14/2011,3,116824
7/14/2011,4,107839
7/14/2011,5,132780
7/14/2011,6,237326
7/14/2011,7,336104
7/14/2011,8,474771
7/14/2011,9,552879
7/14/2011,10,582951
7/14/2011,11,570339
7/14/2011,12,556751
7/14/2011,13,504706
7/14/2011,14,468375
7/14/2011,15,459239
7/14/2011,16,455589
7/14/2011,17,440965
7/14/2011,18,417639
7/14/2011,19,394090
7/14/2011,20,377510
7/14/2011,21,354382
7/14/2011,22,284388
7/14/2011,23,360510
7/15/2011,0,295398
7/15/2011,1,253833
7/15/2011,2,217287
7/15/2011,3,190119
7/15/2011,4,143690
7/15/2011,5,185701
7/15/2011,6,308901
7/15/2011,7,458706
7/15/2011,8,594040
7/15/2011,9,724413
7/15/2011,10,725400
7/15/2011,11,689345
7/15/2011,12,653548
7/15/2011,13,591930
7/15/2011,14,546305
7/15/2011,15,514751
7/15/2011,16,499650
7/15/2011,17,478745
7/15/2011,18,447736
7/15/2011,19,411092
7/15/2011,20,363140
7/15/2011,21,318111
7/15/2011,22,288969
7/15/2011,23,227829
7/16/2011,0,215376
7/16/2011,1,204521
7/16/2011,2,159647
7/16/2011,3,119408
7/16/2011,4,92985
7/16/2011,5,112586
7/16/2011,6,172886
7/16/2011,7,225065
7/16/2011,8,325992
7/16/2011,9,383113
7/16/2011,10,433779
7/16/2011,11,465753
7/16/2011,12,418605
7/16/2011,13,394378
7/16/2011,14,347917
7/16/2011,15,322261
7/16/2011,16,303209
7/16/2011,17,287043
7/16/2011,18,270171
7/16/2011,19,192613
7/16/2011,20,161371
7/16/2011,21,173896
7/16/2011,22,166921
7/16/2011,23,144243
7/17/2011,0,11254
7/17/2011,5,39
7/17/2011,6,1422
7/17/2011,7,3228
7/17/2011,8,10287
7/17/2011,9,25429
7/17/2011,10,16214
7/17/2011,11,108722
7/17/2011,12,423978
7/17/2011,13,416618
7/17/2011,14,379436
7/17/2011,15,333722
7/17/2011,16,312538
7/17/2011,17,313553
7/17/2011,18,319989
7/17/2011,19,308901
7/17/2011,20,317251
7/17/2011,21,317560
7/17/2011,22,303642
7/17/2011,23,468226
7/18/2011,0,321867
7/18/2011,1,221235
7/18/2011,2,171568
7/18/2011,3,136601
7/18/2011,4,121264
7/18/2011,5,140565
7/18/2011,6,191941
7/18/2011,7,234300
7/18/2011,8,473084
7/18/2011,9,608906
7/18/2011,10,650580
7/18/2011,11,676579
7/18/2011,12,644598
7/18/2011,13,608297
7/18/2011,14,569798
7/18/2011,15,538000
7/18/2011,16,525034
7/18/2011,17,504971
7/18/2011,18,467623
7/18/2011,19,443811
7/18/2011,20,423021
7/18/2011,21,398488
7/18/2011,22,367318
7/18/2011,23,304497
7/19/2011,0,265881
7/19/2011,1,220542
7/19/2011,2,172429
7/19/2011,3,131010
7/19/2011,4,113128
7/19/2011,5,138108
7/19/2011,6,254804
7/19/2011,7,360050
7/19/2011,8,499931
7/19/2011,9,584318
7/19/2011,10,626457
7/19/2011,11,642778
7/19/2011,12,576396
7/19/2011,13,546714
7/19/2011,14,496837
7/19/2011,15,467702
7/19/2011,16,460344
7/19/2011,17,451578
7/19/2011,18,424781
7/19/2011,19,398951
7/19/2011,20,381390
7/19/2011,21,366332
7/19/2011,22,336388
7/19/2011,23,283065
7/20/2011,0,270722
7/20/2011,1,230577
7/20/2011,2,183714
7/20/2011,3,154718
7/20/2011,4,124915
7/20/2011,5,157787
7/20/2011,6,235465
7/20/2011,7,353141
7/20/2011,8,478857
7/20/2011,9,578679
7/20/2011,10,590065
7/20/2011,11,594393
7/20/2011,12,558556
7/20/2011,13,520615
7/20/2011,14,490933
7/20/2011,15,472441
7/20/2011,16,472621
7/20/2011,17,459684
7/20/2011,18,422032
7/20/2011,19,392998
7/20/2011,20,366765
7/20/2011,21,344196
7/20/2011,22,315305
7/20/2011,23,199902
7/21/2011,0,255056
7/21/2011,1,212489
7/21/2011,2,159822
7/21/2011,3,121184
7/21/2011,4,114425
7/21/2011,5,135081
7/21/2011,6,236099
7/21/2011,7,347191
7/21/2011,8,484386
7/21/2011,9,563815
7/21/2011,10,589768
7/21/2011,11,600180
7/21/2011,12,536250
7/21/2011,13,509855
7/21/2011,14,468108
7/21/2011,15,451116
7/21/2011,16,443867
7/21/2011,17,428877
7/21/2011,18,406373
7/21/2011,19,392767
7/21/2011,20,370921
7/21/2011,21,352139
7/21/2011,22,328453
7/21/2011,23,283201
7/22/2011,0,242982
7/22/2011,1,212830
7/22/2011,2,162709
7/22/2011,3,141962
7/22/2011,4,103620
7/22/2011,5,171412
7/22/2011,6,266545
7/22/2011,7,407038
7/22/2011,8,537599
7/22/2011,9,641425
7/22/2011,10,668174
7/22/2011,11,654354
7/22/2011,12,609007
7/22/2011,13,581186
7/22/2011,14,538945
7/22/2011,15,492584
7/22/2011,16,488845
7/22/2011,17,467654
7/22/2011,18,431191
7/22/2011,19,380921
7/22/2011,20,341720
7/22/2011,21,301533
7/22/2011,22,273494
7/22/2011,23,236633
7/23/2011,0,211165
7/23/2011,1,179899
7/23/2011,2,143998
7/23/2011,3,110068
7/23/2011,4,75426
7/23/2011,5,81426
7/23/2011,6,170961
7/23/2011,7,233712
7/23/2011,8,313857
7/23/2011,9,402567
7/23/2011,10,467456
7/23/2011,11,495457
7/23/2011,12,470674
7/23/2011,13,440862
7/23/2011,14,422846
7/23/2011,15,363121
7/23/2011,16,352727
7/23/2011,17,320999
7/23/2011,18,297797
7/23/2011,19,278142
7/23/2011,20,252052
7/23/2011,21,226341
7/23/2011,22,210752
7/23/2011,23,184057
7/24/2011,0,168981
7/24/2011,1,154562
7/24/2011,2,105075
7/24/2011,3,75795
7/24/2011,4,47451
7/24/2011,5,63141
7/24/2011,6,79044
7/24/2011,7,122800
7/24/2011,8,165305
7/24/2011,9,251221
7/24/2011,10,297316
7/24/2011,11,341681
7/24/2011,12,337106
7/24/2011,13,335469
7/24/2011,14,330670
7/24/2011,15,316377
7/24/2011,16,304296
7/24/2011,17,337544
7/24/2011,18,331196
7/24/2011,19,340411
7/24/2011,20,349477
7/24/2011,21,312248
7/24/2011,22,290418
7/24/2011,23,249258
7/25/2011,0,210334
7/25/2011,1,168122
7/25/2011,2,132731
7/25/2011,3,96113
7/25/2011,4,77343
7/25/2011,5,91421
7/25/2011,6,151736
7/25/2011,7,262364
7/25/2011,8,387778
7/25/2011,9,522034
7/25/2011,10,586271
7/25/2011,11,626410
7/25/2011,12,620126
7/25/2011,13,594039
7/25/2011,14,571389
7/25/2011,15,553834
7/25/2011,16,542305
7/25/2011,17,528162
7/25/2011,18,496072
7/25/2011,19,460384
7/25/2011,20,442298
7/25/2011,21,389030
7/25/2011,22,361349
7/25/2011,23,290972
7/26/2011,0,226711
7/26/2011,1,179618
7/26/2011,2,149107
7/26/2011,3,111450
7/26/2011,4,88615
7/26/2011,5,111766
7/26/2011,6,224824
7/26/2011,7,341348
7/26/2011,8,459437
7/26/2011,9,561781
7/26/2011,10,607532
7/26/2011,11,618773
7/26/2011,12,574822
7/26/2011,13,537337
7/26/2011,14,531879
7/26/2011,15,483701
7/26/2011,16,483382
7/26/2011,17,464052
7/26/2011,18,427191
7/26/2011,19,399135
7/26/2011,20,374760
7/26/2011,21,353835
7/26/2011,22,322833
7/26/2011,23,273283
7/27/2011,0,228002
7/27/2011,1,174362
7/27/2011,2,138903
7/27/2011,3,101315
7/27/2011,4,70986
7/27/2011,5,98210
7/27/2011,6,173224
7/27/2011,7,283932
7/27/2011,8,398661
7/27/2011,9,510407
7/27/2011,10,583605
7/27/2011,11,588559
7/27/2011,12,557476
7/27/2011,13,529742
7/27/2011,14,512997
7/27/2011,15,503245
7/27/2011,16,495490
7/27/2011,17,470950
7/27/2011,18,456457
7/27/2011,19,402447
7/27/2011,20,390010
7/27/2011,21,362053
7/27/2011,22,327395
7/27/2011,23,276678
7/28/2011,0,233392
7/28/2011,1,188434
7/28/2011,2,150434
7/28/2011,3,114421
7/28/2011,4,87499
7/28/2011,5,113566
7/28/2011,6,235506
7/28/2011,7,351258
7/28/2011,8,457929
7/28/2011,9,559352
7/28/2011,10,598560
7/28/2011,11,605637
7/28/2011,12,561568
7/28/2011,13,531870
7/28/2011,14,527869
7/28/2011,15,481185
7/28/2011,16,483571
7/28/2011,17,453881
7/28/2011,18,421631
7/28/2011,19,400234
7/28/2011,20,382520
7/28/2011,21,359852
7/28/2011,22,331212
7/28/2011,23,277221
7/29/2011,0,249100
7/29/2011,1,209221
7/29/2011,2,181325
7/29/2011,3,142585
7/29/2011,4,100412
7/29/2011,5,134270
7/29/2011,6,233712
7/29/2011,7,383875
7/29/2011,8,528572
7/29/2011,9,641763
7/29/2011,10,693456
7/29/2011,11,688616
7/29/2011,12,643250
7/29/2011,13,604494
7/29/2011,14,560936
7/29/2011,15,538508
7/29/2011,16,530303
7/29/2011,17,486863
7/29/2011,18,458143
7/29/2011,19,421002
7/29/2011,20,366232
7/29/2011,21,330952
7/29/2011,22,293889
7/29/2011,23,248932
7/30/2011,0,216299
7/30/2011,1,180375
7/30/2011,2,150695
7/30/2011,3,117414
7/30/2011,4,95064
7/30/2011,5,93252
7/30/2011,6,169018
7/30/2011,7,246554
7/30/2011,8,335471
7/30/2011,9,428737
7/30/2011,10,483771
7/30/2011,11,512065
7/30/2011,12,481977
7/30/2011,13,443042
7/30/2011,14,435872
7/30/2011,15,378517
7/30/2011,16,356765
7/30/2011,17,339156
7/30/2011,18,300970
7/30/2011,19,269473
7/30/2011,20,246891
7/30/2011,21,233143
7/30/2011,22,218667
7/30/2011,23,194290
7/31/2011,0,173567
7/31/2011,1,152876
7/31/2011,2,114806
7/31/2011,3,83510
7/31/2011,4,49076
7/31/2011,5,55808
7/31/2011,6,67115
7/31/2011,7,112209
7/31/2011,8,169299
7/31/2011,9,240775
7/31/2011,10,303108
7/31/2011,11,330984
7/31/2011,12,338483
7/31/2011,13,337862
7/31/2011,14,326707
7/31/2011,15,314277
7/31/2011,16,309054
7/31/2011,17,303219
7/31/2011,18,298468
7/31/2011,19,290678
7/31/2011,20,299737
7/31/2011,21,302573
7/31/2011,22,295120
7/31/2011,23,260059
8/1/2011,0,217158
8/1/2011,1,171519
8/1/2011,2,129284
8/1/2011,3,94694
8/1/2011,4,107657
8/1/2011,5,122931
8/1/2011,6,188479
8/1/2011,7,320777
8/1/2011,8,459263
8/1/2011,9,608267
8/1/2011,10,674937
8/1/2011,11,680722
8/1/2011,12,661249
8/1/2011,13,642809
8/1/2011,14,600021
8/1/2011,15,566728
8/1/2011,16,561286
8/1/2011,17,528437
8/1/2011,18,485186
8/1/2011,19,452860
8/1/2011,20,425098
8/1/2011,21,405645
8/1/2011,22,373175
8/1/2011,23,315423
8/2/2011,0,254006
8/2/2011,1,197947
8/2/2011,2,149982
8/2/2011,3,109986
8/2/2011,4,87943
8/2/2011,5,111833
8/2/2011,6,237649
8/2/2011,7,363896
8/2/2011,8,492262
8/2/2011,9,602023
8/2/2011,10,647417
8/2/2011,11,658785
8/2/2011,12,626472
8/2/2011,13,581609
8/2/2011,14,577303
8/2/2011,15,532885
8/2/2011,16,519600
8/2/2011,17,498832
8/2/2011,18,459254
8/2/2011,19,426833
8/2/2011,20,406328
8/2/2011,21,384907
8/2/2011,22,350429
8/2/2011,23,294982
8/3/2011,0,234910
8/3/2011,1,204122
8/3/2011,2,171851
8/3/2011,3,135205
8/3/2011,4,130234
8/3/2011,5,153379
8/3/2011,6,229460
8/3/2011,7,356730
8/3/2011,8,449797
8/3/2011,9,582298
8/3/2011,10,600201
8/3/2011,11,600961
8/3/2011,12,574332
8/3/2011,13,535157
8/3/2011,14,492007
8/3/2011,15,472401
8/3/2011,16,473929
8/3/2011,17,452859
8/3/2011,18,425468
8/3/2011,19,388508
8/3/2011,20,368067
8/3/2011,21,353955
8/3/2011,22,327633
8/3/2011,23,278971
8/4/2011,0,258555
8/4/2011,1,231281
8/4/2011,2,174464
8/4/2011,3,145666
8/4/2011,4,126425
8/4/2011,5,135967
8/4/2011,6,248866
8/4/2011,7,355572
8/4/2011,8,488319
8/4/2011,9,577784
8/4/2011,10,603337
8/4/2011,11,609630
8/4/2011,12,565948
8/4/2011,13,535144
8/4/2011,14,492363
8/4/2011,15,463544
8/4/2011,16,461307
8/4/2011,17,455192
8/4/2011,18,428671
8/4/2011,19,399884
8/4/2011,20,382621
8/4/2011,21,364129
8/4/2011,22,332550
8/4/2011,23,291850
8/5/2011,0,261812
8/5/2011,1,220304
8/5/2011,2,185082
8/5/2011,3,142713
8/5/2011,4,105485
8/5/2011,5,158263
8/5/2011,6,259749
8/5/2011,7,395299
8/5/2011,8,536808
8/5/2011,9,644822
8/5/2011,10,675960
8/5/2011,11,678747
8/5/2011,12,624141
8/5/2011,13,584225
8/5/2011,14,555092
8/5/2011,15,509540
8/5/2011,16,489856
8/5/2011,17,470542
8/5/2011,18,436371
8/5/2011,19,386850
8/5/2011,20,340926
8/5/2011,21,306314
8/5/2011,22,274011
8/5/2011,23,240317
8/6/2011,0,215951
8/6/2011,1,201870
8/6/2011,2,170114
8/6/2011,3,128007
8/6/2011,4,97985
8/6/2011,5,114684
8/6/2011,6,169241
8/6/2011,7,235804
8/6/2011,8,330829
8/6/2011,9,410276
8/6/2011,10,456439
8/6/2011,11,488526
8/6/2011,12,461910
8/6/2011,13,437138
8/6/2011,14,410872
8/6/2011,15,376221
8/6/2011,16,335391
8/6/2011,17,311507
8/6/2011,18,291739
8/6/2011,19,274564
8/6/2011,20,259011
8/6/2011,21,238934
8/6/2011,22,220583
8/6/2011,23,189693
8/7/2011,0,211363
8/7/2011,1,206168
8/7/2011,2,158995
8/7/2011,3,158146
8/7/2011,4,108318
8/7/2011,5,113619
8/7/2011,6,151434
8/7/2011,7,157228
8/7/2011,8,201000
8/7/2011,9,244424
8/7/2011,10,304935
8/7/2011,11,348038
8/7/2011,12,354118
8/7/2011,13,347311
8/7/2011,14,334276
8/7/2011,15,321739
8/7/2011,16,308380
8/7/2011,17,294749
8/7/2011,18,292357
8/7/2011,19,287712
8/7/2011,20,295323
8/7/2011,21,283791
8/7/2011,22,268281
8/7/2011,23,232748
8/8/2011,0,233086
8/8/2011,1,200236
8/8/2011,2,145522
8/8/2011,3,115454
8/8/2011,4,107293
8/8/2011,5,120633
8/8/2011,6,194269
8/8/2011,7,312206
8/8/2011,8,432706
8/8/2011,9,558371
8/8/2011,10,633152
8/8/2011,11,644130
8/8/2011,12,621826
8/8/2011,13,601349
8/8/2011,14,564467
8/8/2011,15,533164
8/8/2011,16,528171
8/8/2011,17,484531
8/8/2011,18,457985
8/8/2011,19,431638
8/8/2011,20,406167
8/8/2011,21,379148
8/8/2011,22,346884
8/8/2011,23,297326
8/9/2011,0,261694
8/9/2011,1,221938
8/9/2011,2,164359
8/9/2011,3,126475
8/9/2011,4,110309
8/9/2011,5,136432
8/9/2011,6,238875
8/9/2011,7,348823
8/9/2011,8,482723
8/9/2011,9,577905
8/9/2011,10,610464
8/9/2011,11,628441
8/9/2011,12,583952
8/9/2011,13,546694
8/9/2011,14,500705
8/9/2011,15,470701
8/9/2011,16,456778
8/9/2011,17,441064
8/9/2011,18,420039
8/9/2011,19,398411
8/9/2011,20,389443
8/9/2011,21,367742
8/9/2011,22,335758
8/9/2011,23,283753
8/10/2011,0,269352
8/10/2011,1,223917
8/10/2011,2,175799
8/10/2011,3,133841
8/10/2011,4,109944
8/10/2011,5,136659
8/10/2011,6,218710
8/10/2011,7,358715
8/10/2011,8,462441
8/10/2011,9,570662
8/10/2011,10,611062
8/10/2011,11,588917
8/10/2011,12,564468
8/10/2011,13,530267
8/10/2011,14,494766
8/10/2011,15,468048
8/10/2011,16,463866
8/10/2011,17,437409
8/10/2011,18,411753
8/10/2011,19,389035
8/10/2011,20,373072
8/10/2011,21,352847
8/10/2011,22,328451
8/10/2011,23,279088
8/11/2011,0,259466
8/11/2011,1,209223
8/11/2011,2,160397
8/11/2011,3,127924
8/11/2011,4,112807
8/11/2011,5,146076
8/11/2011,6,245964
8/11/2011,7,353627
8/11/2011,8,478048
8/11/2011,9,565606
8/11/2011,10,583809
8/11/2011,11,602101
8/11/2011,12,555890
8/11/2011,13,520298
8/11/2011,14,488564
8/11/2011,15,463527
8/11/2011,16,457875
8/11/2011,17,433674
8/11/2011,18,412198
8/11/2011,19,393344
8/11/2011,20,379736
8/11/2011,21,358446
8/11/2011,22,325198
8/11/2011,23,276038
8/12/2011,0,259422
8/12/2011,1,239262
8/12/2011,2,180233
8/12/2011,3,151565
8/12/2011,4,142560
8/12/2011,5,167708
8/12/2011,6,272718
8/12/2011,7,431282
8/12/2011,8,543927
8/12/2011,9,639753
8/12/2011,10,682350
8/12/2011,11,659007
8/12/2011,12,610610
8/12/2011,13,577654
8/12/2011,14,529946
8/12/2011,15,497676
8/12/2011,16,480299
8/12/2011,17,450633
8/12/2011,18,418356
8/12/2011,19,371287
8/12/2011,20,332071
8/12/2011,21,305215
8/12/2011,22,272340
8/12/2011,23,232437
8/13/2011,0,223641
8/13/2011,1,211616
8/13/2011,2,164329
8/13/2011,3,126537
8/13/2011,4,106016
8/13/2011,5,117928
8/13/2011,6,175827
8/13/2011,7,242168
8/13/2011,8,351854
8/13/2011,9,429464
8/13/2011,10,472273
8/13/2011,11,508139
8/13/2011,12,478056
8/13/2011,13,444417
8/13/2011,14,399643
8/13/2011,15,360966
8/13/2011,16,336460
8/13/2011,17,309783
8/13/2011,18,290703
8/13/2011,19,274560
8/13/2011,20,260467
8/13/2011,21,240289
8/13/2011,22,215987
8/13/2011,23,187886
8/14/2011,0,144714
8/14/2011,1,111616
8/14/2011,2,82991
8/14/2011,3,56218
8/14/2011,4,42454
8/14/2011,5,37059
8/14/2011,6,50017
8/14/2011,7,88567
8/14/2011,8,147641
8/14/2011,9,222014
8/14/2011,10,280243
8/14/2011,11,325116
8/14/2011,12,330075
8/14/2011,13,334626
8/14/2011,14,320079
8/14/2011,15,306978
8/14/2011,16,296673
8/14/2011,17,286843
8/14/2011,18,280337
8/14/2011,19,280688
8/14/2011,20,293642
8/14/2011,21,290485
8/14/2011,22,271739
8/14/2011,23,406131
8/15/2011,0,327002
8/15/2011,1,210250
8/15/2011,2,152820
8/15/2011,3,110430
8/15/2011,4,89101
8/15/2011,5,124687
8/15/2011,6,183303
8/15/2011,7,304216
8/15/2011,8,439728
8/15/2011,9,603517
8/15/2011,10,664013
8/15/2011,11,661982
8/15/2011,12,658340
8/15/2011,13,634867
8/15/2011,14,581110
8/15/2011,15,547900
8/15/2011,16,550990
8/15/2011,17,529767
8/15/2011,18,492198
8/15/2011,19,456527
8/15/2011,20,428599
8/15/2011,21,407454
8/15/2011,22,375037
8/15/2011,23,306070
8/16/2011,0,245101
8/16/2011,1,190508
8/16/2011,2,139626
8/16/2011,3,109205
8/16/2011,4,88115
8/16/2011,5,141013
8/16/2011,6,236710
8/16/2011,7,355935
8/16/2011,8,489459
8/16/2011,9,610616
8/16/2011,10,640614
8/16/2011,11,647605
8/16/2011,12,587207
8/16/2011,13,549409
8/16/2011,14,546006
8/16/2011,15,499060
8/16/2011,16,494732
8/16/2011,17,470959
8/16/2011,18,443257
8/16/2011,19,420295
8/16/2011,20,404397
8/16/2011,21,381179
8/16/2011,22,346927
8/16/2011,23,287737
8/17/2011,0,231111
8/17/2011,1,176705
8/17/2011,2,137298
8/17/2011,3,105857
8/17/2011,4,113825
8/17/2011,5,145859
8/17/2011,6,213819
8/17/2011,7,350353
8/17/2011,8,461444
8/17/2011,9,567398
8/17/2011,10,594992
8/17/2011,11,558995
8/17/2011,12,573980
8/17/2011,13,559107
8/17/2011,14,512362
8/17/2011,15,486222
8/17/2011,16,491898
8/17/2011,17,468249
8/17/2011,18,427689
8/17/2011,19,404357
8/17/2011,20,389792
8/17/2011,21,374369
8/17/2011,22,341811
8/17/2011,23,291000
8/18/2011,0,259720
8/18/2011,1,204903
8/18/2011,2,158173
8/18/2011,3,118509
8/18/2011,4,103983
8/18/2011,5,139417
8/18/2011,6,239980
8/18/2011,7,340818
8/18/2011,8,483986
8/18/2011,9,571114
8/18/2011,10,595436
8/18/2011,11,603407
8/18/2011,12,550890
8/18/2011,13,525782
8/18/2011,14,479140
8/18/2011,15,459263
8/18/2011,16,458288
8/18/2011,17,446380
8/18/2011,18,422099
8/18/2011,19,400145
8/18/2011,20,392216
8/18/2011,21,379823
8/18/2011,22,342096
8/18/2011,23,294572
8/19/2011,0,272440
8/19/2011,1,226123
8/19/2011,2,194604
8/19/2011,3,158177
8/19/2011,4,129170
8/19/2011,5,172378
8/19/2011,6,266576
8/19/2011,7,399402
8/19/2011,8,525712
8/19/2011,9,625088
8/19/2011,10,671645
8/19/2011,11,651064
8/19/2011,12,595448
8/19/2011,13,563601
8/19/2011,14,515286
8/19/2011,15,501998
8/19/2011,16,490212
8/19/2011,17,466510
8/19/2011,18,428604
8/19/2011,19,388602
8/19/2011,20,355702
8/19/2011,21,321828
8/19/2011,22,283950
8/19/2011,23,245439
8/20/2011,0,211083
8/20/2011,1,182470
8/20/2011,2,127165
8/20/2011,3,117302
8/20/2011,4,89761
8/20/2011,5,110422
8/20/2011,6,156544
8/20/2011,7,227343
8/20/2011,8,330274
8/20/2011,9,421991
8/20/2011,10,474324
8/20/2011,11,519874
8/20/2011,12,470454
8/20/2011,13,448587
8/20/2011,14,409736
8/20/2011,15,356784
8/20/2011,16,342707
8/20/2011,17,321275
8/20/2011,18,301068
8/20/2011,19,276798
8/20/2011,20,266790
8/20/2011,21,247127
8/20/2011,22,227326
8/20/2011,23,199223
8/21/2011,0,171964
8/21/2011,1,162434
8/21/2011,2,149496
8/21/2011,3,121371
8/21/2011,4,105107
8/21/2011,5,104829
8/21/2011,6,89866
8/21/2011,7,109633
8/21/2011,8,167704
8/21/2011,9,245446
8/21/2011,10,287465
8/21/2011,11,317561
8/21/2011,12,322016
8/21/2011,13,323171
8/21/2011,14,312302
8/21/2011,15,298284
8/21/2011,16,293819
8/21/2011,17,288184
8/21/2011,18,264827
8/21/2011,19,241460
8/21/2011,20,296584
8/21/2011,21,296883
8/21/2011,22,276461
8/21/2011,23,238001
8/22/2011,0,232537
8/22/2011,1,192399
8/22/2011,2,139624
8/22/2011,3,105047
8/22/2011,4,96868
8/22/2011,5,119491
8/22/2011,6,177650
8/22/2011,7,280611
8/22/2011,8,422313
8/22/2011,9,550050
8/22/2011,10,585510
8/22/2011,11,612050
8/22/2011,12,596950
8/22/2011,13,591874
8/22/2011,14,540030
8/22/2011,15,524757
8/22/2011,16,510895
8/22/2011,17,481438
8/22/2011,18,442635
8/22/2011,19,415668
8/22/2011,20,404198
8/22/2011,21,388421
8/22/2011,22,354521
8/22/2011,23,293939
8/23/2011,0,249944
8/23/2011,1,205007
8/23/2011,2,147501
8/23/2011,3,113547
8/23/2011,4,89281
8/23/2011,5,122634
8/23/2011,6,230823
8/23/2011,7,344540
8/23/2011,8,479270
8/23/2011,9,566640
8/23/2011,10,588903
8/23/2011,11,614984
8/23/2011,12,561746
8/23/2011,13,526196
8/23/2011,14,458448
8/23/2011,15,450122
8/23/2011,16,456076
8/23/2011,17,442233
8/23/2011,18,420615
8/23/2011,19,407229
8/23/2011,20,393859
8/23/2011,21,368537
8/23/2011,22,330593
8/23/2011,23,279733
8/24/2011,0,248746
8/24/2011,1,199797
8/24/2011,2,147738
8/24/2011,3,131955
8/24/2011,4,110706
8/24/2011,5,147844
8/24/2011,6,229916
8/24/2011,7,333415
8/24/2011,8,438343
8/24/2011,9,561141
8/24/2011,10,570593
8/24/2011,11,569435
8/24/2011,12,542730
8/24/2011,13,507534
8/24/2011,14,472560
8/24/2011,15,452787
8/24/2011,16,454651
8/24/2011,17,442423
8/24/2011,18,425184
8/24/2011,19,395565
8/24/2011,20,370513
8/24/2011,21,349439
8/24/2011,22,313652
8/24/2011,23,263643
8/25/2011,0,242425
8/25/2011,1,196979
8/25/2011,2,140731
8/25/2011,3,114539
8/25/2011,4,100758
8/25/2011,5,131552
8/25/2011,6,229162
8/25/2011,7,332238
8/25/2011,8,470679
8/25/2011,9,556306
8/25/2011,10,576600
8/25/2011,11,586158
8/25/2011,12,526477
8/25/2011,13,500296
8/25/2011,14,460030
8/25/2011,15,445927
8/25/2011,16,448239
8/25/2011,17,436712
8/25/2011,18,405583
8/25/2011,19,380883
8/25/2011,20,366293
8/25/2011,21,350124
8/25/2011,22,315216
8/25/2011,23,267463
8/26/2011,0,256065
8/26/2011,1,217350
8/26/2011,2,171022
8/26/2011,3,153732
8/26/2011,4,123663
8/26/2011,5,168098
8/26/2011,6,260690
8/26/2011,7,383592
8/26/2011,8,497736
8/26/2011,9,605394
8/26/2011,10,621758
8/26/2011,11,609243
8/26/2011,12,558491
8/26/2011,13,515793
8/26/2011,14,481487
8/26/2011,15,463030
8/26/2011,16,461470
8/26/2011,17,442025
8/26/2011,18,409831
8/26/2011,19,369941
8/26/2011,20,327815
8/26/2011,21,295463
8/26/2011,22,260900
8/26/2011,23,226883
8/27/2011,0,228701
8/27/2011,1,202080
8/27/2011,2,149252
8/27/2011,3,120173
8/27/2011,4,101162
8/27/2011,5,100454
8/27/2011,6,163779
8/27/2011,7,220448
8/27/2011,8,321651
8/27/2011,9,396207
8/27/2011,10,440466
8/27/2011,11,474657
8/27/2011,12,438849
8/27/2011,13,418012
8/27/2011,14,379031
8/27/2011,15,361343
8/27/2011,16,341763
8/27/2011,17,327887
8/27/2011,18,305206
8/27/2011,19,261381
8/27/2011,20,239196
8/27/2011,21,213387
8/27/2011,22,191141
8/27/2011,23,164476
8/28/2011,0,184555
8/28/2011,1,173599
8/28/2011,2,153927
8/28/2011,3,141729
8/28/2011,4,87586
8/28/2011,5,79023
8/28/2011,6,77188
8/28/2011,7,100627
8/28/2011,8,156494
8/28/2011,9,223328
8/28/2011,10,283447
8/28/2011,11,320840
8/28/2011,12,328305
8/28/2011,13,326048
8/28/2011,14,317376
8/28/2011,15,306472
8/28/2011,16,296810
8/28/2011,17,292621
8/28/2011,18,285263
8/28/2011,19,273698
8/28/2011,20,279193
8/28/2011,21,270698
8/28/2011,22,248762
8/28/2011,23,219426
8/29/2011,0,214349
8/29/2011,1,185227
8/29/2011,2,136610
8/29/2011,3,108630
8/29/2011,4,93992
8/29/2011,5,109337
8/29/2011,6,171467
8/29/2011,7,269550
8/29/2011,8,408576
8/29/2011,9,532189
8/29/2011,10,569483
8/29/2011,11,601834
8/29/2011,12,604594
8/29/2011,13,553459
8/29/2011,14,521087
8/29/2011,15,509660
8/29/2011,16,503908
8/29/2011,17,470425
8/29/2011,18,436239
8/29/2011,19,405530
8/29/2011,20,386667
8/29/2011,21,366672
8/29/2011,22,335675
8/29/2011,23,282686
8/30/2011,0,241843
8/30/2011,1,205638
8/30/2011,2,148723
8/30/2011,3,112226
8/30/2011,4,96058
8/30/2011,5,133817
8/30/2011,6,232710
8/30/2011,7,360566
8/30/2011,8,499729
8/30/2011,9,586473
8/30/2011,10,602974
8/30/2011,11,617262
8/30/2011,12,576904
8/30/2011,13,530804
8/30/2011,14,499257
8/30/2011,15,473282
8/30/2011,16,468626
8/30/2011,17,457213
8/30/2011,18,435991
8/30/2011,19,424570
8/30/2011,20,405441
8/30/2011,21,389578
8/30/2011,22,355435
8/30/2011,23,296932
8/31/2011,0,267883
8/31/2011,1,221997
8/31/2011,2,168085
8/31/2011,3,126105
8/31/2011,4,114383
8/31/2011,5,154624
8/31/2011,6,246981
8/31/2011,7,391901
8/31/2011,8,511455
8/31/2011,9,607707
8/31/2011,10,637046
8/31/2011,11,627720
8/31/2011,12,582799
8/31/2011,13,538280
8/31/2011,14,510423
8/31/2011,15,494120
8/31/2011,16,489099
8/31/2011,17,466953
8/31/2011,18,452492
8/31/2011,19,428279
8/31/2011,20,411704
8/31/2011,21,399164
8/31/2011,22,364938
8/31/2011,23,306715
9/1/2011,0,265852
9/1/2011,1,218091
9/1/2011,2,163943
9/1/2011,3,123253
9/1/2011,4,97386
9/1/2011,5,138513
9/1/2011,6,259307
9/1/2011,7,400629
9/1/2011,8,529330
9/1/2011,9,637770
9/1/2011,10,663418
9/1/2011,11,664231
9/1/2011,12,630332
9/1/2011,13,587964
9/1/2011,14,549374
9/1/2011,15,535242
9/1/2011,16,538931
9/1/2011,17,499046
9/1/2011,18,465412
9/1/2011,19,443758
9/1/2011,20,415657
9/1/2011,21,391423
9/1/2011,22,361055
9/1/2011,23,311424
9/2/2011,0,264794
9/2/2011,1,224656
9/2/2011,2,181010
9/2/2011,3,156349
9/2/2011,4,134189
9/2/2011,5,166406
9/2/2011,6,264184
9/2/2011,7,420209
9/2/2011,8,558212
9/2/2011,9,675897
9/2/2011,10,711393
9/2/2011,11,680039
9/2/2011,12,631268
9/2/2011,13,598898
9/2/2011,14,553170
9/2/2011,15,526735
9/2/2011,16,513107
9/2/2011,17,478372
9/2/2011,18,445437
9/2/2011,19,410042
9/2/2011,20,367693
9/2/2011,21,332291
9/2/2011,22,298046
9/2/2011,23,254624
9/3/2011,0,216263
9/3/2011,1,181120
9/3/2011,2,132732
9/3/2011,3,94166
9/3/2011,4,87228
9/3/2011,5,95406
9/3/2011,6,154087
9/3/2011,7,232839
9/3/2011,8,322010
9/3/2011,9,404753
9/3/2011,10,465130
9/3/2011,11,492854
9/3/2011,12,469904
9/3/2011,13,444943
9/3/2011,14,398819
9/3/2011,15,373407
9/3/2011,16,362131
9/3/2011,17,328726
9/3/2011,18,298147
9/3/2011,19,280741
9/3/2011,20,258756
9/3/2011,21,239187
9/3/2011,22,219226
9/3/2011,23,191920
9/4/2011,0,176220
9/4/2011,1,151606
9/4/2011,2,111167
9/4/2011,3,84112
9/4/2011,4,66149
9/4/2011,5,90434
9/4/2011,6,99355
9/4/2011,7,142959
9/4/2011,8,193798
9/4/2011,9,252945
9/4/2011,10,311565
9/4/2011,11,347871
9/4/2011,12,354657
9/4/2011,13,346549
9/4/2011,14,317050
9/4/2011,15,289998
9/4/2011,16,276735
9/4/2011,17,261211
9/4/2011,18,253258
9/4/2011,19,246121
9/4/2011,20,238994
9/4/2011,21,222201
9/4/2011,22,204638
9/4/2011,23,188508
9/5/2011,0,191140
9/5/2011,1,165634
9/5/2011,2,122950
9/5/2011,3,98599
9/5/2011,4,84921
9/5/2011,5,100297
9/5/2011,6,111214
9/5/2011,7,159114
9/5/2011,8,241684
9/5/2011,9,337935
9/5/2011,10,400829
9/5/2011,11,432636
9/5/2011,12,432835
9/5/2011,13,421685
9/5/2011,14,396712
9/5/2011,15,370148
9/5/2011,16,362010
9/5/2011,17,354488
9/5/2011,18,347316
9/5/2011,19,342480
9/5/2011,20,352187
9/5/2011,21,338415
9/5/2011,22,308269
9/5/2011,23,270479
9/6/2011,0,216116
9/6/2011,1,176313
9/6/2011,2,122664
9/6/2011,3,93478
9/6/2011,4,74620
9/6/2011,5,100535
9/6/2011,6,198845
9/6/2011,7,314599
9/6/2011,8,448479
9/6/2011,9,590654
9/6/2011,10,658917
9/6/2011,11,672921
9/6/2011,12,664095
9/6/2011,13,633293
9/6/2011,14,581649
9/6/2011,15,565166
9/6/2011,16,573314
9/6/2011,17,526918
9/6/2011,18,501130
9/6/2011,19,485156
9/6/2011,20,458630
9/6/2011,21,420642
9/6/2011,22,364518
9/6/2011,23,305235
9/7/2011,0,255071
9/7/2011,1,228025
9/7/2011,2,175216
9/7/2011,3,118515
9/7/2011,4,108141
9/7/2011,5,142773
9/7/2011,6,222802
9/7/2011,7,355679
9/7/2011,8,484958
9/7/2011,9,604604
9/7/2011,10,640687
9/7/2011,11,620649
9/7/2011,12,588966
9/7/2011,13,575597
9/7/2011,14,532404
9/7/2011,15,501963
9/7/2011,16,510534
9/7/2011,17,489071
9/7/2011,18,450992
9/7/2011,19,425191
9/7/2011,20,404797
9/7/2011,21,388914
9/7/2011,22,353755
9/7/2011,23,296132
9/8/2011,0,256120
9/8/2011,1,209969
9/8/2011,2,155062
9/8/2011,3,114650
9/8/2011,4,119395
9/8/2011,5,143217
9/8/2011,6,233672
9/8/2011,7,354136
9/8/2011,8,468266
9/8/2011,9,585506
9/8/2011,10,594861
9/8/2011,11,587103
9/8/2011,12,566654
9/8/2011,13,543433
9/8/2011,14,495339
9/8/2011,15,478722
9/8/2011,16,470676
9/8/2011,17,451795
9/8/2011,18,420278
9/8/2011,19,391325
9/8/2011,20,386236
9/8/2011,21,363409
9/8/2011,22,337217
9/8/2011,23,286583
9/9/2011,0,269410
9/9/2011,1,224574
9/9/2011,2,182388
9/9/2011,3,150204
9/9/2011,4,124495
9/9/2011,5,158967
9/9/2011,6,257781
9/9/2011,7,407837
9/9/2011,8,530742
9/9/2011,9,630132
9/9/2011,10,573983
9/9/2011,11,712529
9/9/2011,12,644041
9/9/2011,13,597720
9/9/2011,14,548559
9/9/2011,15,518642
9/9/2011,16,515938
9/9/2011,17,488179
9/9/2011,18,451588
9/9/2011,19,409346
9/9/2011,20,369933
9/9/2011,21,336824
9/9/2011,22,304179
9/9/2011,23,264346
9/10/2011,0,216983
9/10/2011,1,199442
9/10/2011,2,152586
9/10/2011,3,121006
9/10/2011,4,105435
9/10/2011,5,107375
9/10/2011,6,152941
9/10/2011,7,214351
9/10/2011,8,314817
9/10/2011,9,414043
9/10/2011,10,455425
9/10/2011,11,479994
9/10/2011,12,469292
9/10/2011,13,446236
9/10/2011,14,406999
9/10/2011,15,364308
9/10/2011,16,339552
9/10/2011,17,327146
9/10/2011,18,310797
9/10/2011,19,287739
9/10/2011,20,273836
9/10/2011,21,261332
9/10/2011,22,240791
9/10/2011,23,213016
9/11/2011,0,164579
9/11/2011,1,99433
9/11/2011,2,82869
9/11/2011,3,65997
9/11/2011,7,7779
9/11/2011,8,141140
9/11/2011,9,226572
9/11/2011,10,288278
9/11/2011,11,326191
9/11/2011,12,326764
9/11/2011,13,325125
9/11/2011,14,322606
9/11/2011,15,308842
9/11/2011,16,293736
9/11/2011,17,289242
9/11/2011,18,281128
9/11/2011,19,285565
9/11/2011,20,292488
9/11/2011,21,292338
9/11/2011,22,273791
9/11/2011,23,444851
9/12/2011,0,339585
9/12/2011,1,193371
9/12/2011,2,141126
9/12/2011,3,114149
9/12/2011,4,116712
9/12/2011,5,131403
9/12/2011,6,197437
9/12/2011,7,310325
9/12/2011,8,427918
9/12/2011,9,553569
9/12/2011,10,620312
9/12/2011,11,639748
9/12/2011,12,610521
9/12/2011,13,576955
9/12/2011,14,544994
9/12/2011,15,519113
9/12/2011,16,502070
9/12/2011,17,474060
9/12/2011,18,447491
9/12/2011,19,427756
9/12/2011,20,414770
9/12/2011,21,386291
9/12/2011,22,351624
9/12/2011,23,296935
9/13/2011,0,231186
9/13/2011,1,173392
9/13/2011,2,123990
9/13/2011,3,87815
9/13/2011,4,96313
9/13/2011,5,135183
9/13/2011,6,226745
9/13/2011,7,348622
9/13/2011,8,470748
9/13/2011,9,571599
9/13/2011,10,584943
9/13/2011,11,590136
9/13/2011,12,575424
9/13/2011,13,543041
9/13/2011,14,514276
9/13/2011,15,496347
9/13/2011,16,487205
9/13/2011,17,462923
9/13/2011,18,426322
9/13/2011,19,406770
9/13/2011,20,400566
9/13/2011,21,379235
9/13/2011,22,337340
9/13/2011,23,285743
9/14/2011,0,246414
9/14/2011,1,214765
9/14/2011,2,216887
9/14/2011,3,103933
9/14/2011,4,99978
9/14/2011,5,126574
9/14/2011,6,213518
9/14/2011,7,345413
9/14/2011,8,457557
9/14/2011,9,549695
9/14/2011,10,564489
9/14/2011,11,572801
9/14/2011,12,554895
9/14/2011,13,534366
9/14/2011,14,500614
9/14/2011,15,483206
9/14/2011,16,476999
9/14/2011,17,465992
9/14/2011,18,438121
9/14/2011,19,422320
9/14/2011,20,401960
9/14/2011,21,378602
9/14/2011,22,347087
9/14/2011,23,289969
9/15/2011,0,262073
9/15/2011,1,208678
9/15/2011,2,181709
9/15/2011,3,127604
9/15/2011,4,119761
9/15/2011,5,147768
9/15/2011,6,268312
9/15/2011,7,409697
9/15/2011,8,536969
9/15/2011,9,639143
9/15/2011,10,650095
9/15/2011,11,635698
9/15/2011,12,606134
9/15/2011,13,559245
9/15/2011,14,512064
9/15/2011,15,493751
9/15/2011,16,500533
9/15/2011,17,475135
9/15/2011,18,449314
9/15/2011,19,434030
9/15/2011,20,424085
9/15/2011,21,399595
9/15/2011,22,356835
9/15/2011,23,302719
9/16/2011,0,266318
9/16/2011,1,218032
9/16/2011,2,180849
9/16/2011,3,165558
9/16/2011,4,169549
9/16/2011,5,174184
9/16/2011,6,281205
9/16/2011,7,438452
9/16/2011,8,551951
9/16/2011,9,658057
9/16/2011,10,665794
9/16/2011,11,646449
9/16/2011,12,614892
9/16/2011,13,590710
9/16/2011,14,568669
9/16/2011,15,507682
9/16/2011,16,506025
9/16/2011,17,473873
9/16/2011,18,427255
9/16/2011,19,390263
9/16/2011,20,350713
9/16/2011,21,315406
9/16/2011,22,274396
9/16/2011,23,226983
9/17/2011,0,189326
9/17/2011,1,148872
9/17/2011,2,113486
9/17/2011,3,95926
9/17/2011,4,117419
9/17/2011,5,95208
9/17/2011,6,118811
9/17/2011,7,195264
9/17/2011,8,282508
9/17/2011,9,369231
9/17/2011,10,421709
9/17/2011,11,438827
9/17/2011,12,417775
9/17/2011,13,401530
9/17/2011,14,381361
9/17/2011,15,345866
9/17/2011,16,317578
9/17/2011,17,300419
9/17/2011,18,284785
9/17/2011,19,271840
9/17/2011,20,254982
9/17/2011,21,235954
9/17/2011,22,211980
9/17/2011,23,181254
9/18/2011,0,140909
9/18/2011,1,115869
9/18/2011,2,80049
9/18/2011,3,59745
9/18/2011,4,49822
9/18/2011,5,35994
9/18/2011,6,65537
9/18/2011,7,186117
9/18/2011,8,332623
9/18/2011,9,262495
9/18/2011,10,282787
9/18/2011,11,311597
9/18/2011,12,317969
9/18/2011,13,312175
9/18/2011,14,305164
9/18/2011,15,294112
9/18/2011,16,295116
9/18/2011,17,291978
9/18/2011,18,287955
9/18/2011,19,292655
9/18/2011,20,307198
9/18/2011,21,304803
9/18/2011,22,281727
9/18/2011,23,241148
9/19/2011,0,190931
9/19/2011,1,146752
9/19/2011,2,100827
9/19/2011,3,67171
9/19/2011,4,77069
9/19/2011,5,130375
9/19/2011,6,209543
9/19/2011,7,312071
9/19/2011,8,458838
9/19/2011,9,573155
9/19/2011,10,626964
9/19/2011,11,659645
9/19/2011,12,620542
9/19/2011,13,581835
9/19/2011,14,547211
9/19/2011,15,536202
9/19/2011,16,525875
9/19/2011,17,486653
9/19/2011,18,455805
9/19/2011,19,439290
9/19/2011,20,410037
9/19/2011,21,373693
9/19/2011,22,339808
9/19/2011,23,282261
9/20/2011,0,223648
9/20/2011,1,173095
9/20/2011,2,123426
9/20/2011,3,84030
9/20/2011,4,73831
9/20/2011,5,122780
9/20/2011,6,252183
9/20/2011,7,378684
9/20/2011,8,495077
9/20/2011,9,592237
9/20/2011,10,625825
9/20/2011,11,623704
9/20/2011,12,580558
9/20/2011,13,549068
9/20/2011,14,514879
9/20/2011,15,497130
9/20/2011,16,495562
9/20/2011,17,459235
9/20/2011,18,432356
9/20/2011,19,419857
9/20/2011,20,393988
9/20/2011,21,364117
9/20/2011,22,332679
9/20/2011,23,276206
9/21/2011,0,219271
9/21/2011,1,169301
9/21/2011,2,145986
9/21/2011,3,106174
9/21/2011,4,95363
9/21/2011,5,124181
9/21/2011,6,246599
9/21/2011,7,359071
9/21/2011,8,479050
9/21/2011,9,577580
9/21/2011,10,603543
9/21/2011,11,584588
9/21/2011,12,538952
9/21/2011,13,519865
9/21/2011,14,483263
9/21/2011,15,459899
9/21/2011,16,457567
9/21/2011,17,438923
9/21/2011,18,416247
9/21/2011,19,391995
9/21/2011,20,375029
9/21/2011,21,346852
9/21/2011,22,319086
9/21/2011,23,268348
9/22/2011,0,210099
9/22/2011,1,171194
9/22/2011,2,123570
9/22/2011,3,102386
9/22/2011,4,94211
9/22/2011,5,128113
9/22/2011,6,247279
9/22/2011,7,376048
9/22/2011,8,492592
9/22/2011,9,585014
9/22/2011,10,583260
9/22/2011,11,586581
9/22/2011,12,561453
9/22/2011,13,524863
9/22/2011,14,485441
9/22/2011,15,472113
9/22/2011,16,467982
9/22/2011,17,443147
9/22/2011,18,402580
9/22/2011,19,386560
9/22/2011,20,369409
9/22/2011,21,350094
9/22/2011,22,317404
9/22/2011,23,280347
9/23/2011,0,231697
9/23/2011,1,189764
9/23/2011,2,160922
9/23/2011,3,119070
9/23/2011,4,113891
9/23/2011,5,151647
9/23/2011,6,262887
9/23/2011,7,417155
9/23/2011,8,543408
9/23/2011,9,649880
9/23/2011,10,678797
9/23/2011,11,660052
9/23/2011,12,591656
9/23/2011,13,551913
9/23/2011,14,530520
9/23/2011,15,518945
9/23/2011,16,490895
9/23/2011,17,459859
9/23/2011,18,419845
9/23/2011,19,382020
9/23/2011,20,331590
9/23/2011,21,290463
9/23/2011,22,258909
9/23/2011,23,224977
9/24/2011,0,205974
9/24/2011,1,173602
9/24/2011,2,132898
9/24/2011,3,93524
9/24/2011,4,79431
9/24/2011,5,90015
9/24/2011,6,142310
9/24/2011,7,199700
9/24/2011,8,305032
9/24/2011,9,404763
9/24/2011,10,441097
9/24/2011,11,451337
9/24/2011,12,436432
9/24/2011,13,427032
9/24/2011,14,382227
9/24/2011,15,349031
9/24/2011,16,317885
9/24/2011,17,314119
9/24/2011,18,293406
9/24/2011,19,301634
9/24/2011,20,271219
9/24/2011,21,264309
9/24/2011,22,240118
9/24/2011,23,226326
9/25/2011,0,180024
9/25/2011,1,132340
9/25/2011,2,81301
9/25/2011,3,58772
9/25/2011,4,124672
9/25/2011,5,102335
9/25/2011,6,100070
9/25/2011,7,134385
9/25/2011,8,206577
9/25/2011,9,261817
9/25/2011,10,310679
9/25/2011,11,341742
9/25/2011,12,339958
9/25/2011,13,336387
9/25/2011,14,316260
9/25/2011,15,292267
9/25/2011,16,307738
9/25/2011,17,310743
9/25/2011,18,319087
9/25/2011,19,301650
9/25/2011,20,308727
9/25/2011,21,306851
9/25/2011,22,295405
9/25/2011,23,234962
9/26/2011,0,190123
9/26/2011,1,150581
9/26/2011,2,104207
9/26/2011,3,89858
9/26/2011,4,80858
9/26/2011,5,98590
9/26/2011,6,161448
9/26/2011,7,273311
9/26/2011,8,409746
9/26/2011,9,544699
9/26/2011,10,607575
9/26/2011,11,594573
9/26/2011,12,630708
9/26/2011,13,578237
9/26/2011,14,560447
9/26/2011,15,526422
9/26/2011,16,518499
9/26/2011,17,536948
9/26/2011,18,508795
9/26/2011,19,493799
9/26/2011,20,405593
9/26/2011,21,401720
9/26/2011,22,346682
9/26/2011,23,284738
9/27/2011,0,224355
9/27/2011,1,170586
9/27/2011,2,120375
9/27/2011,3,82594
9/27/2011,4,72806
9/27/2011,5,142202
9/27/2011,6,243198
9/27/2011,7,376909
9/27/2011,8,470952
9/27/2011,9,566109
9/27/2011,10,613090
9/27/2011,11,590723
9/27/2011,12,556707
9/27/2011,13,522259
9/27/2011,14,488603
9/27/2011,15,477708
9/27/2011,16,484713
9/27/2011,17,447208
9/27/2011,18,421690
9/27/2011,19,406064
9/27/2011,20,378265
9/27/2011,21,356188
9/27/2011,22,340525
9/27/2011,23,333849
9/28/2011,0,288773
9/28/2011,1,216050
9/28/2011,2,149272
9/28/2011,3,116402
9/28/2011,4,123553
9/28/2011,5,153333
9/28/2011,6,207065
9/28/2011,7,323520
9/28/2011,8,442336
9/28/2011,9,552571
9/28/2011,10,569724
9/28/2011,11,551971
9/28/2011,12,534989
9/28/2011,13,514172
9/28/2011,14,477637
9/28/2011,15,465756
9/28/2011,16,460873
9/28/2011,17,445249
9/28/2011,18,403943
9/28/2011,19,385016
9/28/2011,20,364426
9/28/2011,21,345302
9/28/2011,22,335924
9/28/2011,23,289651
9/29/2011,0,248172
9/29/2011,1,199719
9/29/2011,2,150235
9/29/2011,3,105985
9/29/2011,4,97396
9/29/2011,5,132598
9/29/2011,6,221926
9/29/2011,7,330250
9/29/2011,8,465879
9/29/2011,9,563033
9/29/2011,10,571557
9/29/2011,11,585103
9/29/2011,12,544741
9/29/2011,13,513354
9/29/2011,14,493796
9/29/2011,15,485747
9/29/2011,16,469567
9/29/2011,17,453447
9/29/2011,18,429984
9/29/2011,19,418835
9/29/2011,20,391700
9/29/2011,21,370106
9/29/2011,22,344409
9/29/2011,23,302493
9/30/2011,0,297234
9/30/2011,1,247304
9/30/2011,2,202547
9/30/2011,3,171602
9/30/2011,4,136078
9/30/2011,5,178128
9/30/2011,6,296670
9/30/2011,7,467654
9/30/2011,8,611238
9/30/2011,9,726633
9/30/2011,10,747189
9/30/2011,11,678639
9/30/2011,12,606270
9/30/2011,13,483668
9/30/2011,14,498911
9/30/2011,15,584308
9/30/2011,16,539664
9/30/2011,17,501684
9/30/2011,18,457959
9/30/2011,19,418217
9/30/2011,20,370674
9/30/2011,21,336774
9/30/2011,22,329174
9/30/2011,23,339376
10/1/2011,0,261230
10/1/2011,1,245880
10/1/2011,2,179480
10/1/2011,3,156083
10/1/2011,4,90719
10/1/2011,5,73469
10/1/2011,6,158266
10/1/2011,7,228318
10/1/2011,8,355615
10/1/2011,9,468946
10/1/2011,10,513423
10/1/2011,11,529818
10/1/2011,12,511990
10/1/2011,13,477227
10/1/2011,14,435547
10/1/2011,15,388627
10/1/2011,16,364178
10/1/2011,17,338895
10/1/2011,18,319743
10/1/2011,19,305747
10/1/2011,20,284971
10/1/2011,21,256240
10/1/2011,22,243958
10/1/2011,23,219004
10/2/2011,0,26774
10/2/2011,1,150
10/2/2011,2,151
10/2/2011,3,163
10/2/2011,4,2453
10/2/2011,5,3460
10/2/2011,6,66359
10/2/2011,7,197163
10/2/2011,8,232467
10/2/2011,9,288837
10/2/2011,10,344283
10/2/2011,11,382835
10/2/2011,12,382657
10/2/2011,13,373314
10/2/2011,14,367070
10/2/2011,15,337409
10/2/2011,16,314959
10/2/2011,17,315705
10/2/2011,18,311927
10/2/2011,19,325846
10/2/2011,20,335675
10/2/2011,21,333402
10/2/2011,22,311423
10/2/2011,23,265384
10/3/2011,0,210531
10/3/2011,1,166255
10/3/2011,2,126839
10/3/2011,3,85974
10/3/2011,4,75432
10/3/2011,5,98028
10/3/2011,6,161632
10/3/2011,7,273889
10/3/2011,8,426761
10/3/2011,9,564482
10/3/2011,10,638041
10/3/2011,11,653711
10/3/2011,12,634793
10/3/2011,13,605232
10/3/2011,14,574774
10/3/2011,15,540189
10/3/2011,16,542890
10/3/2011,17,515910
10/3/2011,18,476566
10/3/2011,19,461392
10/3/2011,20,440001
10/3/2011,21,426527
10/3/2011,22,404489
10/3/2011,23,341210
10/4/2011,0,278368
10/4/2011,1,230860
10/4/2011,2,164803
10/4/2011,3,128065
10/4/2011,4,116117
10/4/2011,5,135993
10/4/2011,6,214020
10/4/2011,7,349783
10/4/2011,8,480181
10/4/2011,9,590326
10/4/2011,10,612617
10/4/2011,11,616076
10/4/2011,12,585208
10/4/2011,13,540009
10/4/2011,14,504384
10/4/2011,15,492069
10/4/2011,16,488553
10/4/2011,17,465796
10/4/2011,18,441051
10/4/2011,19,427466
10/4/2011,20,416058
10/4/2011,21,396828
10/4/2011,22,358282
10/4/2011,23,297236
10/5/2011,0,268503
10/5/2011,1,217513
10/5/2011,2,152222
10/5/2011,3,118477
10/5/2011,4,123691
10/5/2011,5,145191
10/5/2011,6,227890
10/5/2011,7,349124
10/5/2011,8,474844
10/5/2011,9,606994
10/5/2011,10,628967
10/5/2011,11,633593
10/5/2011,12,580305
10/5/2011,13,567528
10/5/2011,14,513532
10/5/2011,15,488799
10/5/2011,16,476567
10/5/2011,17,460504
10/5/2011,18,425811
10/5/2011,19,413663
10/5/2011,20,390435
10/5/2011,21,373955
10/5/2011,22,337817
10/5/2011,23,283437
10/6/2011,0,229098
10/6/2011,1,194325
10/6/2011,2,214891
10/6/2011,3,159932
10/6/2011,4,132278
10/6/2011,5,153241
10/6/2011,6,247498
10/6/2011,7,367805
10/6/2011,8,484701
10/6/2011,9,577685
10/6/2011,10,586766
10/6/2011,11,585044
10/6/2011,12,563602
10/6/2011,13,527631
10/6/2011,14,524857
10/6/2011,15,500495
10/6/2011,16,504036
10/6/2011,17,479289
10/6/2011,18,456603
10/6/2011,19,438050
10/6/2011,20,403660
10/6/2011,21,375107
10/6/2011,22,344691
10/6/2011,23,292663
10/7/2011,0,278610
10/7/2011,1,209801
10/7/2011,2,194978
10/7/2011,3,151013
10/7/2011,4,135226
10/7/2011,5,196765
10/7/2011,6,294911
10/7/2011,7,446626
10/7/2011,8,569728
10/7/2011,9,654535
10/7/2011,10,686331
10/7/2011,11,661919
10/7/2011,12,604458
10/7/2011,13,571549
10/7/2011,14,530455
10/7/2011,15,500111
10/7/2011,16,498359
10/7/2011,17,464928
10/7/2011,18,426577
10/7/2011,19,404971
10/7/2011,20,379904
10/7/2011,21,339139
10/7/2011,22,309225
10/7/2011,23,266711
10/8/2011,0,224608
10/8/2011,1,172432
10/8/2011,2,129021
10/8/2011,3,92748
10/8/2011,4,77936
10/8/2011,5,74444
10/8/2011,6,97762
10/8/2011,7,171783
10/8/2011,8,268204
10/8/2011,9,356779
10/8/2011,10,413326
10/8/2011,11,434020
10/8/2011,12,417564
10/8/2011,13,426394
10/8/2011,14,389099
10/8/2011,15,375456
10/8/2011,16,350970
10/8/2011,17,331639
10/8/2011,18,300005
10/8/2011,19,295402
10/8/2011,20,265368
10/8/2011,21,251657
10/8/2011,22,218445
10/8/2011,23,195362
10/9/2011,0,150725
10/9/2011,1,115027
10/9/2011,2,90418
10/9/2011,3,71495
10/9/2011,4,48225
10/9/2011,5,65952
10/9/2011,6,63405
10/9/2011,7,100010
10/9/2011,8,153271
10/9/2011,9,224910
10/9/2011,10,282524
10/9/2011,11,312339
10/9/2011,12,317205
10/9/2011,13,314025
10/9/2011,14,308636
10/9/2011,15,293826
10/9/2011,16,286304
10/9/2011,17,290288
10/9/2011,18,297342
10/9/2011,19,307772
10/9/2011,20,311974
10/9/2011,21,300451
10/9/2011,22,321885
10/9/2011,23,407618
10/10/2011,0,419210
10/10/2011,1,224290
10/10/2011,2,138377
10/10/2011,3,98970
10/10/2011,4,79119
10/10/2011,5,116760
10/10/2011,6,174504
10/10/2011,7,289366
10/10/2011,8,428287
10/10/2011,9,565755
10/10/2011,10,594158
10/10/2011,11,612563
10/10/2011,12,597513
10/10/2011,13,569332
10/10/2011,14,527322
10/10/2011,15,493115
10/10/2011,16,488543
10/10/2011,17,459817
10/10/2011,18,416004
10/10/2011,19,401072
10/10/2011,20,382936
10/10/2011,21,358783
10/10/2011,22,325374
10/10/2011,23,269876
10/11/2011,0,224690
10/11/2011,1,183683
10/11/2011,2,132514
10/11/2011,3,94267
10/11/2011,4,83184
10/11/2011,5,112505
10/11/2011,6,206461
10/11/2011,7,323401
10/11/2011,8,454514
10/11/2011,9,573695
10/11/2011,10,585935
10/11/2011,11,596208
10/11/2011,12,584282
10/11/2011,13,563519
10/11/2011,14,525592
10/11/2011,15,508907
10/11/2011,16,504225
10/11/2011,17,489020
10/11/2011,18,470711
10/11/2011,19,462879
10/11/2011,20,436447
10/11/2011,21,411265
10/11/2011,22,372297
10/11/2011,23,304876
10/12/2011,0,270839
10/12/2011,1,210126
10/12/2011,2,168884
10/12/2011,3,130765
10/12/2011,4,109283
10/12/2011,5,149280
10/12/2011,6,232856
10/12/2011,7,369366
10/12/2011,8,499813
10/12/2011,9,608486
10/12/2011,10,649220
10/12/2011,11,628605
10/12/2011,12,589370
10/12/2011,13,552798
10/12/2011,14,512365
10/12/2011,15,486134
10/12/2011,16,467440
10/12/2011,17,453394
10/12/2011,18,428922
10/12/2011,19,415370
10/12/2011,20,391077
10/12/2011,21,368176
10/12/2011,22,337022
10/12/2011,23,289250
10/13/2011,0,261966
10/13/2011,1,232807
10/13/2011,2,187615
10/13/2011,3,161632
10/13/2011,4,151006
10/13/2011,5,185199
10/13/2011,6,267505
10/13/2011,7,360030
10/13/2011,8,476250
10/13/2011,9,583615
10/13/2011,10,585207
10/13/2011,11,596901
10/13/2011,12,564085
10/13/2011,13,520425
10/13/2011,14,484374
10/13/2011,15,475161
10/13/2011,16,486863
10/13/2011,17,483244
10/13/2011,18,470010
10/13/2011,19,448171
10/13/2011,20,436256
10/13/2011,21,405564
10/13/2011,22,367939
10/13/2011,23,307175
10/14/2011,0,290195
10/14/2011,1,237795
10/14/2011,2,206963
10/14/2011,3,183326
10/14/2011,4,142116
10/14/2011,5,184450
10/14/2011,6,303345
10/14/2011,7,458467
10/14/2011,8,606354
10/14/2011,9,723786
10/14/2011,10,743097
10/14/2011,11,708037
10/14/2011,12,664518
10/14/2011,13,623570
10/14/2011,14,568047
10/14/2011,15,542350
10/14/2011,16,533855
10/14/2011,17,498488
10/14/2011,18,454825
10/14/2011,19,412144
10/14/2011,20,366693
10/14/2011,21,334456
10/14/2011,22,301946
10/14/2011,23,260927
10/15/2011,0,244363
10/15/2011,1,192185
10/15/2011,2,171909
10/15/2011,3,151975
10/15/2011,4,138491
10/15/2011,5,154803
10/15/2011,6,180233
10/15/2011,7,224099
10/15/2011,8,340232
10/15/2011,9,454681
10/15/2011,10,488511
10/15/2011,11,497586
10/15/2011,12,480808
10/15/2011,13,445278
10/15/2011,14,396503
10/15/2011,15,366862
10/15/2011,16,349208
10/15/2011,17,332491
10/15/2011,18,318743
10/15/2011,19,307730
10/15/2011,20,284694
10/15/2011,21,277070
10/15/2011,22,254167
10/15/2011,23,226316
10/16/2011,0,192522
10/16/2011,1,152311
10/16/2011,2,121974
10/16/2011,3,99061
10/16/2011,4,66419
10/16/2011,5,50907
10/16/2011,6,59251
10/16/2011,7,100945
10/16/2011,8,164606
10/16/2011,9,235390
10/16/2011,10,289589
10/16/2011,11,332492
10/16/2011,12,339184
10/16/2011,13,344468
10/16/2011,14,336282
10/16/2011,15,313704
10/16/2011,16,306675
10/16/2011,17,317245
10/16/2011,18,293109
10/16/2011,19,305791
10/16/2011,20,320685
10/16/2011,21,312064
10/16/2011,22,294316
10/16/2011,23,250639
10/17/2011,0,188813
10/17/2011,1,141567
10/17/2011,2,125533
10/17/2011,3,81257
10/17/2011,4,62180
10/17/2011,5,87743
10/17/2011,6,155490
10/17/2011,7,267963
10/17/2011,8,408092
10/17/2011,9,541387
10/17/2011,10,597772
10/17/2011,11,596524
10/17/2011,12,588350
10/17/2011,13,557196
10/17/2011,14,539545
10/17/2011,15,543798
10/17/2011,16,540997
10/17/2011,17,513691
10/17/2011,18,486231
10/17/2011,19,481651
10/17/2011,20,467904
10/17/2011,21,430751
10/17/2011,22,384163
10/17/2011,23,265342
10/18/2011,0,261864
10/18/2011,1,192986
10/18/2011,2,135416
10/18/2011,3,97348
10/18/2011,4,78622
10/18/2011,5,113465
10/18/2011,6,224063
10/18/2011,7,342319
10/18/2011,8,477785
10/18/2011,9,593000
10/18/2011,10,630031
10/18/2011,11,630878
10/18/2011,12,594986
10/18/2011,13,557354
10/18/2011,14,525510
10/18/2011,15,522037
10/18/2011,16,494814
10/18/2011,17,460299
10/18/2011,18,445972
10/18/2011,19,440599
10/18/2011,20,418902
10/18/2011,21,382982
10/18/2011,22,358572
10/18/2011,23,289511
10/19/2011,0,258125
10/19/2011,1,209961
10/19/2011,2,166755
10/19/2011,3,128491
10/19/2011,4,123540
10/19/2011,5,166189
10/19/2011,6,244675
10/19/2011,7,330928
10/19/2011,8,457020
10/19/2011,9,587467
10/19/2011,10,602760
10/19/2011,11,590584
10/19/2011,12,581063
10/19/2011,13,544001
10/19/2011,14,502184
10/19/2011,15,486035
10/19/2011,16,479901
10/19/2011,17,476299
10/19/2011,18,436579
10/19/2011,19,425203
10/19/2011,20,411355
10/19/2011,21,375901
10/19/2011,22,335804
10/19/2011,23,283085
10/20/2011,0,242586
10/20/2011,1,192752
10/20/2011,2,149692
10/20/2011,3,109759
10/20/2011,4,107523
10/20/2011,5,135833
10/20/2011,6,247280
10/20/2011,7,348473
10/20/2011,8,485045
10/20/2011,9,586886
10/20/2011,10,589183
10/20/2011,11,596940
10/20/2011,12,577164
10/20/2011,13,512199
10/20/2011,14,478330
10/20/2011,15,457588
10/20/2011,16,461994
10/20/2011,17,447727
10/20/2011,18,426537
10/20/2011,19,404904
10/20/2011,20,397172
10/20/2011,21,372719
10/20/2011,22,333501
10/20/2011,23,283827
10/21/2011,0,259484
10/21/2011,1,204810
10/21/2011,2,198208
10/21/2011,3,148188
10/21/2011,4,127575
10/21/2011,5,161614
10/21/2011,6,271374
10/21/2011,7,410421
10/21/2011,8,538778
10/21/2011,9,625800
10/21/2011,10,647296
10/21/2011,11,647475
10/21/2011,12,599677
10/21/2011,13,555174
10/21/2011,14,525169
10/21/2011,15,510260
10/21/2011,16,495323
10/21/2011,17,471407
10/21/2011,18,439957
10/21/2011,19,405287
10/21/2011,20,367544
10/21/2011,21,328435
10/21/2011,22,284865
10/21/2011,23,256261
10/22/2011,0,217318
10/22/2011,1,170572
10/22/2011,2,136714
10/22/2011,3,105694
10/22/2011,4,85595
10/22/2011,5,95067
10/22/2011,6,158361
10/22/2011,7,218677
10/22/2011,8,338555
10/22/2011,9,417642
10/22/2011,10,467414
10/22/2011,11,496448
10/22/2011,12,466646
10/22/2011,13,438108
10/22/2011,14,416775
10/22/2011,15,364354
10/22/2011,16,343609
10/22/2011,17,330154
10/22/2011,18,300748
10/22/2011,19,289685
10/22/2011,20,281392
10/22/2011,21,258790
10/22/2011,22,241389
10/22/2011,23,213784
10/23/2011,0,209023
10/23/2011,1,178898
10/23/2011,2,119866
10/23/2011,3,141137
10/23/2011,4,92840
10/23/2011,5,77963
10/23/2011,6,95727
10/23/2011,7,130694
10/23/2011,8,207263
10/23/2011,9,288314
10/23/2011,10,357159
10/23/2011,11,344726
10/23/2011,12,360371
10/23/2011,13,336174
10/23/2011,14,317992
10/23/2011,15,304058
10/23/2011,16,305957
10/23/2011,17,300353
10/23/2011,18,302705
10/23/2011,19,310620
10/23/2011,20,314273
10/23/2011,21,298553
10/23/2011,22,273994
10/23/2011,23,233356
10/24/2011,0,204158
10/24/2011,1,150872
10/24/2011,2,113532
10/24/2011,3,82758
10/24/2011,4,85642
10/24/2011,5,101231
10/24/2011,6,166313
10/24/2011,7,288248
10/24/2011,8,412253
10/24/2011,9,534873
10/24/2011,10,597480
10/24/2011,11,618440
10/24/2011,12,599455
10/24/2011,13,561203
10/24/2011,14,533123
10/24/2011,15,506097
10/24/2011,16,497013
10/24/2011,17,472031
10/24/2011,18,448039
10/24/2011,19,443006
10/24/2011,20,422896
10/24/2011,21,388718
10/24/2011,22,350081
10/24/2011,23,287174
10/25/2011,0,241591
10/25/2011,1,176565
10/25/2011,2,134439
10/25/2011,3,93779
10/25/2011,4,87115
10/25/2011,5,120339
10/25/2011,6,226470
10/25/2011,7,338330
10/25/2011,8,481173
10/25/2011,9,567983
10/25/2011,10,586322
10/25/2011,11,601871
10/25/2011,12,555638
10/25/2011,13,531817
10/25/2011,14,487191
10/25/2011,15,468552
10/25/2011,16,486035
10/25/2011,17,461453
10/25/2011,18,435597
10/25/2011,19,425104
10/25/2011,20,414956
10/25/2011,21,379684
10/25/2011,22,338182
10/25/2011,23,275327
10/26/2011,0,245646
10/26/2011,1,179825
10/26/2011,2,156343
10/26/2011,3,110005
10/26/2011,4,116988
10/26/2011,5,132326
10/26/2011,6,219610
10/26/2011,7,359322
10/26/2011,8,444887
10/26/2011,9,560846
10/26/2011,10,581976
10/26/2011,11,588204
10/26/2011,12,550452
10/26/2011,13,527203
10/26/2011,14,481787
10/26/2011,15,456632
10/26/2011,16,465476
10/26/2011,17,459998
10/26/2011,18,451736
10/26/2011,19,426974
10/26/2011,20,412878
10/26/2011,21,382616
10/26/2011,22,345897
10/26/2011,23,285841
10/27/2011,0,243649
10/27/2011,1,192086
10/27/2011,2,173144
10/27/2011,3,122552
10/27/2011,4,105356
10/27/2011,5,130824
10/27/2011,6,247453
10/27/2011,7,342589
10/27/2011,8,471830
10/27/2011,9,548640
10/27/2011,10,575111
10/27/2011,11,583884
10/27/2011,12,542382
10/27/2011,13,499669
10/27/2011,14,461338
10/27/2011,15,468243
10/27/2011,16,463954
10/27/2011,17,452254
10/27/2011,18,434773
10/27/2011,19,413868
10/27/2011,20,389832
10/27/2011,21,370828
10/27/2011,22,336727
10/27/2011,23,282613
10/28/2011,0,265462
10/28/2011,1,228892
10/28/2011,2,190819
10/28/2011,3,142667
10/28/2011,4,129674
10/28/2011,5,165368
10/28/2011,6,286739
10/28/2011,7,441566
10/28/2011,8,548730
10/28/2011,9,655937
10/28/2011,10,682954
10/28/2011,11,670033
10/28/2011,12,620940
10/28/2011,13,582324
10/28/2011,14,550491
10/28/2011,15,527596
10/28/2011,16,510602
10/28/2011,17,472063
10/28/2011,18,439072
10/28/2011,19,404298
10/28/2011,20,359772
10/28/2011,21,316831
10/28/2011,22,286473
10/28/2011,23,243910
10/29/2011,0,229725
10/29/2011,1,188852
10/29/2011,2,161798
10/29/2011,3,122887
10/29/2011,4,111062
10/29/2011,5,121979
10/29/2011,6,170794
10/29/2011,7,244446
10/29/2011,8,384046
10/29/2011,9,431592
10/29/2011,10,514036
10/29/2011,11,542931
10/29/2011,12,526551
10/29/2011,13,543152
10/29/2011,14,511409
10/29/2011,15,428461
10/29/2011,16,371747
10/29/2011,17,336501
10/29/2011,18,312605
10/29/2011,19,318737
10/29/2011,20,286772
10/29/2011,21,246772
10/29/2011,22,216620
10/29/2011,23,188162
10/30/2011,0,196457
10/30/2011,1,171665
10/30/2011,2,144426
10/30/2011,3,129099
10/30/2011,4,104554
10/30/2011,5,76034
10/30/2011,6,90883
10/30/2011,7,133292
10/30/2011,8,146807
10/30/2011,9,214408
10/30/2011,10,280319
10/30/2011,11,329578
10/30/2011,12,338195
10/30/2011,13,339525
10/30/2011,14,330877
10/30/2011,15,315168
10/30/2011,16,309938
10/30/2011,17,309210
10/30/2011,18,309872
10/30/2011,19,316238
10/30/2011,20,327692
10/30/2011,21,313335
10/30/2011,22,293075
10/30/2011,23,246077
10/31/2011,0,213006
10/31/2011,1,155485
10/31/2011,2,116617
10/31/2011,3,87601
10/31/2011,4,87703
10/31/2011,5,112767
10/31/2011,6,181079
10/31/2011,7,310275
10/31/2011,8,441758
10/31/2011,9,571684
10/31/2011,10,631240
10/31/2011,11,657051
10/31/2011,12,640267
10/31/2011,13,606302
10/31/2011,14,572686
10/31/2011,15,532191
10/31/2011,16,516481
10/31/2011,17,475999
10/31/2011,18,438608
10/31/2011,19,427113
10/31/2011,20,401555
10/31/2011,21,387428
10/31/2011,22,351212
10/31/2011,23,226191
11/1/2011,0,257541
11/1/2011,1,209605
11/1/2011,2,155148
11/1/2011,3,109794
11/1/2011,4,101968
11/1/2011,5,134215
11/1/2011,6,250745
11/1/2011,7,374157
11/1/2011,8,526344
11/1/2011,9,640032
11/1/2011,10,674226
11/1/2011,11,690113
11/1/2011,12,648284
11/1/2011,13,606757
11/1/2011,14,564855
11/1/2011,15,541316
11/1/2011,16,531149
11/1/2011,17,515544
11/1/2011,18,495045
11/1/2011,19,490700
11/1/2011,20,471753
11/1/2011,21,439227
11/1/2011,22,392645
11/1/2011,23,320678
11/2/2011,0,268870
11/2/2011,1,204143
11/2/2011,2,155208
11/2/2011,3,118260
11/2/2011,4,111809
11/2/2011,5,139692
11/2/2011,6,224627
11/2/2011,7,363057
11/2/2011,8,474468
11/2/2011,9,588402
11/2/2011,10,648052
11/2/2011,11,650355
11/2/2011,12,627922
11/2/2011,13,575496
11/2/2011,14,538592
11/2/2011,15,511994
11/2/2011,16,528760
11/2/2011,17,508785
11/2/2011,18,474194
11/2/2011,19,467992
11/2/2011,20,452790
11/2/2011,21,409278
11/2/2011,22,364845
11/2/2011,23,313505
11/3/2011,0,277492
11/3/2011,1,222672
11/3/2011,2,156110
11/3/2011,3,103001
11/3/2011,4,78664
11/3/2011,5,114136
11/3/2011,6,207466
11/3/2011,7,350342
11/3/2011,8,487913
11/3/2011,9,609506
11/3/2011,10,612541
11/3/2011,11,621163
11/3/2011,12,610797
11/3/2011,13,568692
11/3/2011,14,526758
11/3/2011,15,503493
11/3/2011,16,487128
11/3/2011,17,469285
11/3/2011,18,455819
11/3/2011,19,442949
11/3/2011,20,429540
11/3/2011,21,409662
11/3/2011,22,375744
11/3/2011,23,318654
11/4/2011,0,287805
11/4/2011,1,233866
11/4/2011,2,189953
11/4/2011,3,150468
11/4/2011,4,102440
11/4/2011,5,170596
11/4/2011,6,295335
11/4/2011,7,431432
11/4/2011,8,586363
11/4/2011,9,686951
11/4/2011,10,686176
11/4/2011,11,669217
11/4/2011,12,652511
11/4/2011,13,604643
11/4/2011,14,557972
11/4/2011,15,542026
11/4/2011,16,533662
11/4/2011,17,507826
11/4/2011,18,462824
11/4/2011,19,424017
11/4/2011,20,369412
11/4/2011,21,323392
11/4/2011,22,289692
11/4/2011,23,246646
11/5/2011,0,225474
11/5/2011,1,182788
11/5/2011,2,134063
11/5/2011,3,101372
11/5/2011,4,64498
11/5/2011,5,67212
11/5/2011,6,159256
11/5/2011,7,208046
11/5/2011,8,327419
11/5/2011,9,432186
11/5/2011,10,464764
11/5/2011,11,501756
11/5/2011,12,488622
11/5/2011,13,434564
11/5/2011,14,410016
11/5/2011,15,368901
11/5/2011,16,355965
11/5/2011,17,341675
11/5/2011,18,318540
11/5/2011,19,306971
11/5/2011,20,286517
11/5/2011,21,269930
11/5/2011,22,242293
11/5/2011,23,208764
11/6/2011,0,180693
11/6/2011,1,252625
11/6/2011,2,66377
11/6/2011,3,54182
11/6/2011,4,42796
11/6/2011,5,40924
11/6/2011,6,71486
11/6/2011,7,142605
11/6/2011,8,236325
11/6/2011,9,316445
11/6/2011,10,363142
11/6/2011,11,380431
11/6/2011,12,373087
11/6/2011,13,349002
11/6/2011,14,380436
11/6/2011,15,326759
11/6/2011,16,326699
11/6/2011,17,321583
11/6/2011,18,319739
11/6/2011,19,323612
11/6/2011,20,337773
11/6/2011,21,305270
11/6/2011,22,273715
11/6/2011,23,344063
11/7/2011,0,366093
11/7/2011,1,160042
11/7/2011,2,124852
11/7/2011,3,95461
11/7/2011,4,80509
11/7/2011,5,112650
11/7/2011,6,176005
11/7/2011,7,324681
11/7/2011,8,499981
11/7/2011,9,628709
11/7/2011,10,614746
11/7/2011,11,544072
11/7/2011,12,688474
11/7/2011,13,613205
11/7/2011,14,563018
11/7/2011,15,555867
11/7/2011,16,530043
11/7/2011,17,524354
11/7/2011,18,516788
11/7/2011,19,499505
11/7/2011,20,452865
11/7/2011,21,411484
11/7/2011,22,359323
11/7/2011,23,281963
11/8/2011,0,237917
11/8/2011,1,200808
11/8/2011,2,144599
11/8/2011,3,126298
11/8/2011,4,91475
11/8/2011,5,114445
11/8/2011,6,228684
11/8/2011,7,378409
11/8/2011,8,516465
11/8/2011,9,637021
11/8/2011,10,648225
11/8/2011,11,607988
11/8/2011,12,584164
11/8/2011,13,550886
11/8/2011,14,500547
11/8/2011,15,470679
11/8/2011,16,467861
11/8/2011,17,452777
11/8/2011,18,444663
11/8/2011,19,428745
11/8/2011,20,405601
11/8/2011,21,369515
11/8/2011,22,329457
11/8/2011,23,265458
11/9/2011,0,227670
11/9/2011,1,176014
11/9/2011,2,127578
11/9/2011,3,85235
11/9/2011,4,67638
11/9/2011,5,105122
11/9/2011,6,235347
11/9/2011,7,385871
11/9/2011,8,502403
11/9/2011,9,593554
11/9/2011,10,583469
11/9/2011,11,580494
11/9/2011,12,557405
11/9/2011,13,528154
11/9/2011,14,482234
11/9/2011,15,470533
11/9/2011,16,462971
11/9/2011,17,445789
11/9/2011,18,426098
11/9/2011,19,406691
11/9/2011,20,381391
11/9/2011,21,355499
11/9/2011,22,313596
11/9/2011,23,260941
11/10/2011,0,224481
11/10/2011,1,167211
11/10/2011,2,134167
11/10/2011,3,108139
11/10/2011,4,80912
11/10/2011,5,149751
11/10/2011,6,285371
11/10/2011,7,424071
11/10/2011,8,564007
11/10/2011,9,653899
11/10/2011,10,640971
11/10/2011,11,637450
11/10/2011,12,603955
11/10/2011,13,547923
11/10/2011,14,524291
11/10/2011,15,494327
11/10/2011,16,488683
11/10/2011,17,472273
11/10/2011,18,449053
11/10/2011,19,427354
11/10/2011,20,404572
11/10/2011,21,375764
11/10/2011,22,332119
11/10/2011,23,271938
11/11/2011,0,241869
11/11/2011,1,185767
11/11/2011,2,143172
11/11/2011,3,124594
11/11/2011,4,70744
11/11/2011,5,98561
11/11/2011,6,228974
11/11/2011,7,378497
11/11/2011,8,492754
11/11/2011,9,560128
11/11/2011,10,598093
11/11/2011,11,662285
11/11/2011,12,613783
11/11/2011,13,549882
11/11/2011,14,493340
11/11/2011,15,468640
11/11/2011,16,446268
11/11/2011,17,419039
11/11/2011,18,386113
11/11/2011,19,347208
11/11/2011,20,310945
11/11/2011,21,275859
11/11/2011,22,241674
11/11/2011,23,195841
11/12/2011,0,151940
11/12/2011,1,116455
11/12/2011,2,81535
11/12/2011,3,57834
11/12/2011,4,43872
11/12/2011,5,54548
11/12/2011,6,92302
11/12/2011,7,177751
11/12/2011,8,279351
11/12/2011,9,365514
11/12/2011,10,413577
11/12/2011,11,424466
11/12/2011,12,410978
11/12/2011,13,390624
11/12/2011,14,360784
11/12/2011,15,334797
11/12/2011,16,317624
11/12/2011,17,309084
11/12/2011,18,291508
11/12/2011,19,269523
11/12/2011,20,245062
11/12/2011,21,221164
11/12/2011,22,200442
11/12/2011,23,166277
11/13/2011,10,373069
11/13/2011,11,395716
11/13/2011,12,393108
11/13/2011,13,366105
11/13/2011,14,351126
11/13/2011,15,333035
11/13/2011,16,331602
11/13/2011,17,332481
11/13/2011,18,403415
11/13/2011,19,452825
11/13/2011,20,392470
11/13/2011,21,357631
11/13/2011,22,323686
11/13/2011,23,397122
11/14/2011,0,271666
11/14/2011,1,166762
11/14/2011,2,115266
11/14/2011,3,80809
11/14/2011,4,53953
11/14/2011,5,106515
11/14/2011,6,204814
11/14/2011,7,357312
11/14/2011,8,513346
11/14/2011,9,653776
11/14/2011,10,699715
11/14/2011,11,701906
11/14/2011,12,677541
11/14/2011,13,650522
11/14/2011,14,599815
11/14/2011,15,573583
11/14/2011,16,568587
11/14/2011,17,537919
11/14/2011,18,516821
11/14/2011,19,501260
11/14/2011,20,472546
11/14/2011,21,438956
11/14/2011,22,425662
11/14/2011,23,338574
11/15/2011,0,276610
11/15/2011,1,208811
11/15/2011,2,144456
11/15/2011,3,98704
11/15/2011,4,84214
11/15/2011,5,149198
11/15/2011,6,305083
11/15/2011,7,488425
11/15/2011,8,643008
11/15/2011,9,747537
11/15/2011,10,674825
11/15/2011,14,686444
11/15/2011,15,591189
11/15/2011,16,559668
11/15/2011,17,523277
11/15/2011,18,488595
11/15/2011,19,472926
11/15/2011,20,455682
11/15/2011,21,436290
11/15/2011,22,375464
11/15/2011,23,298186
11/16/2011,0,248410
11/16/2011,1,188830
11/16/2011,2,132435
11/16/2011,3,95774
11/16/2011,4,95377
11/16/2011,5,138582
11/16/2011,6,237163
11/16/2011,7,400383
11/16/2011,8,536475
11/16/2011,9,612640
11/16/2011,10,631096
11/16/2011,11,660402
11/16/2011,12,647976
11/16/2011,13,595812
11/16/2011,14,555278
11/16/2011,15,505096
11/16/2011,16,490563
11/16/2011,17,465141
11/16/2011,18,439253
11/16/2011,19,440822
11/16/2011,20,430698
11/16/2011,21,387824
11/16/2011,22,345918
11/16/2011,23,280563
11/17/2011,0,244340
11/17/2011,1,191401
11/17/2011,2,133788
11/17/2011,3,94001
11/17/2011,4,94104
11/17/2011,5,142718
11/17/2011,6,258768
11/17/2011,7,383285
11/17/2011,8,519281
11/17/2011,9,654198
11/17/2011,10,657007
11/17/2011,11,647682
11/17/2011,12,618904
11/17/2011,13,550333
11/17/2011,14,500021
11/17/2011,15,487209
11/17/2011,16,479729
11/17/2011,17,466704
11/17/2011,18,449499
11/17/2011,19,431884
11/17/2011,20,398783
11/17/2011,21,370475
11/17/2011,22,344727
11/17/2011,23,284661
11/18/2011,0,260217
11/18/2011,1,216588
11/18/2011,2,174347
11/18/2011,3,134545
11/18/2011,4,120791
11/18/2011,5,168791
11/18/2011,6,278722
11/18/2011,7,450591
11/18/2011,8,607762
11/18/2011,9,697911
11/18/2011,10,719102
11/18/2011,11,695577
11/18/2011,12,633740
11/18/2011,13,571272
11/18/2011,14,558991
11/18/2011,15,511834
11/18/2011,16,516073
11/18/2011,17,478679
11/18/2011,18,442552
11/18/2011,19,394066
11/18/2011,20,360557
11/18/2011,21,326526
11/18/2011,22,278357
11/18/2011,23,238385
11/19/2011,0,207500
11/19/2011,1,170413
11/19/2011,2,137102
11/19/2011,3,97242
11/19/2011,4,81683
11/19/2011,5,103263
11/19/2011,6,174343
11/19/2011,7,251365
11/19/2011,8,370659
11/19/2011,9,454320
11/19/2011,10,478629
11/19/2011,11,505481
11/19/2011,12,477233
11/19/2011,13,431905
11/19/2011,14,395777
11/19/2011,15,373736
11/19/2011,16,357919
11/19/2011,17,335791
11/19/2011,18,315924
11/19/2011,19,299347
11/19/2011,20,284612
11/19/2011,21,254274
11/19/2011,22,234097
11/19/2011,23,197645
11/20/2011,0,170193
11/20/2011,1,130183
11/20/2011,2,101502
11/20/2011,3,86356
11/20/2011,4,70443
11/20/2011,5,66190
11/20/2011,6,86312
11/20/2011,7,193050
11/20/2011,8,262112
11/20/2011,9,313875
11/20/2011,10,347760
11/20/2011,11,352357
11/20/2011,12,349046
11/20/2011,13,345346
11/20/2011,14,344276
11/20/2011,15,324340
11/20/2011,16,315526
11/20/2011,17,321726
11/20/2011,18,318982
11/20/2011,19,328176
11/20/2011,20,348789
11/20/2011,21,313249
11/20/2011,22,295233
11/20/2011,23,368241
11/21/2011,0,337727
11/21/2011,1,202386
11/21/2011,2,123540
11/21/2011,3,97152
11/21/2011,4,82445
11/21/2011,5,112453
11/21/2011,6,196889
11/21/2011,7,309325
11/21/2011,8,459278
11/21/2011,9,603143
11/21/2011,10,630549
11/21/2011,11,635287
11/21/2011,12,624262
11/21/2011,13,580889
11/21/2011,14,551233
11/21/2011,15,607379
11/21/2011,16,607106
11/21/2011,17,495503
11/21/2011,18,475518
11/21/2011,19,450345
11/21/2011,20,440684
11/21/2011,21,398262
11/21/2011,22,352319
11/21/2011,23,283656
11/22/2011,0,218306
11/22/2011,1,169190
11/22/2011,2,117102
11/22/2011,3,81216
11/22/2011,4,84271
11/22/2011,5,134618
11/22/2011,6,242515
11/22/2011,7,373696
11/22/2011,8,501180
11/22/2011,9,599867
11/22/2011,10,615641
11/22/2011,11,624210
11/22/2011,12,586274
11/22/2011,13,582494
11/22/2011,14,549465
11/22/2011,15,541693
11/22/2011,16,517709
11/22/2011,17,469366
11/22/2011,18,446966
11/22/2011,19,434094
11/22/2011,20,410124
11/22/2011,21,367394
11/22/2011,22,329947
11/22/2011,23,279872
11/23/2011,0,252763
11/23/2011,1,209913
11/23/2011,2,169368
11/23/2011,3,125147
11/23/2011,4,116562
11/23/2011,5,160861
11/23/2011,6,253489
11/23/2011,7,405547
11/23/2011,8,543502
11/23/2011,9,625620
11/23/2011,10,646191
11/23/2011,11,638067
11/23/2011,12,581780
11/23/2011,13,539800
11/23/2011,14,516581
11/23/2011,15,485504
11/23/2011,16,463362
11/23/2011,17,443348
11/23/2011,18,401822
11/23/2011,19,367015
11/23/2011,20,329695
11/23/2011,21,293108
11/23/2011,22,274809
11/23/2011,23,230945
11/24/2011,0,221395
11/24/2011,1,185264
11/24/2011,2,156250
11/24/2011,3,106594
11/24/2011,4,93748
11/24/2011,5,106715
11/24/2011,6,158398
11/24/2011,7,219464
11/24/2011,8,327851
11/24/2011,9,429226
11/24/2011,10,434469
11/24/2011,11,419641
11/24/2011,12,360379
11/24/2011,13,320045
11/24/2011,14,270383
11/24/2011,15,239372
11/24/2011,16,221507
11/24/2011,17,204269
11/24/2011,18,204371
11/24/2011,19,219132
11/24/2011,20,235701
11/24/2011,21,241085
11/24/2011,22,236715
11/24/2011,23,216009
11/25/2011,0,224450
11/25/2011,1,194799
11/25/2011,2,152062
11/25/2011,3,122390
11/25/2011,4,114103
11/25/2011,5,130331
11/25/2011,6,158993
11/25/2011,7,284504
11/25/2011,8,373649
11/25/2011,9,463803
11/25/2011,10,529658
11/25/2011,11,553466
11/25/2011,12,526407
11/25/2011,13,488088
11/25/2011,14,458379
11/25/2011,15,428903
11/25/2011,16,406329
11/25/2011,17,389838
11/25/2011,18,361287
11/25/2011,19,335307
11/25/2011,20,318535
11/25/2011,21,295285
11/25/2011,22,263175
11/25/2011,23,243142
11/26/2011,0,195510
11/26/2011,1,155320
11/26/2011,2,114542
11/26/2011,3,76345
11/26/2011,4,77483
11/26/2011,5,85191
11/26/2011,6,142549
11/26/2011,7,211804
11/26/2011,8,318025
11/26/2011,9,417985
11/26/2011,10,464233
11/26/2011,11,499631
11/26/2011,12,476795
11/26/2011,13,442147
11/26/2011,14,421558
11/26/2011,15,383392
11/26/2011,16,354637
11/26/2011,17,338991
11/26/2011,18,320041
11/26/2011,19,302221
11/26/2011,20,279058
11/26/2011,21,251869
11/26/2011,22,245342
11/26/2011,23,211017
11/27/2011,0,190615
11/27/2011,1,167010
11/27/2011,2,124858
11/27/2011,3,96708
11/27/2011,4,83093
11/27/2011,5,96888
11/27/2011,6,105077
11/27/2011,7,146104
11/27/2011,8,205834
11/27/2011,9,269798
11/27/2011,10,323918
11/27/2011,11,359047
11/27/2011,12,355978
11/27/2011,13,352056
11/27/2011,14,350029
11/27/2011,15,338365
11/27/2011,16,333615
11/27/2011,17,337834
11/27/2011,18,340454
11/27/2011,19,334595
11/27/2011,20,355604
11/27/2011,21,337178
11/27/2011,22,312701
11/27/2011,23,263330
11/28/2011,0,234998
11/28/2011,1,178164
11/28/2011,2,126631
11/28/2011,3,89348
11/28/2011,4,81583
11/28/2011,5,113551
11/28/2011,6,180172
11/28/2011,7,340681
11/28/2011,8,518372
11/28/2011,9,636229
11/28/2011,10,661387
11/28/2011,11,696587
11/28/2011,12,674249
11/28/2011,13,652895
11/28/2011,14,591234
11/28/2011,15,583165
11/28/2011,16,568848
11/28/2011,17,518137
11/28/2011,18,495921
11/28/2011,19,475573
11/28/2011,20,450412
11/28/2011,21,427346
11/28/2011,22,382959
11/28/2011,23,315788
11/29/2011,0,257283
11/29/2011,1,217471
11/29/2011,2,151370
11/29/2011,3,120203
11/29/2011,4,108885
11/29/2011,5,159013
11/29/2011,6,244730
11/29/2011,7,353614
11/29/2011,8,503729
11/29/2011,9,602377
11/29/2011,10,624197
11/29/2011,11,616583
11/29/2011,12,581014
11/29/2011,13,605283
11/29/2011,14,573739
11/29/2011,15,531294
11/29/2011,16,512872
11/29/2011,17,512189
11/29/2011,18,460229
11/29/2011,19,457008
11/29/2011,20,433318
11/29/2011,21,406452
11/29/2011,22,368397
11/29/2011,23,313402
11/30/2011,0,260838
11/30/2011,1,212427
11/30/2011,2,159218
11/30/2011,3,111502
11/30/2011,4,104759
11/30/2011,5,144663
11/30/2011,6,245412
11/30/2011,7,417719
11/30/2011,8,564992
11/30/2011,9,649050
11/30/2011,10,665999
11/30/2011,11,653432
11/30/2011,12,624227
11/30/2011,13,585003
11/30/2011,14,547099
11/30/2011,15,517734
11/30/2011,16,515790
11/30/2011,17,516685
11/30/2011,18,556518
11/30/2011,19,524553
11/30/2011,20,470256
11/30/2011,21,451729
11/30/2011,22,408942
11/30/2011,23,327909
12/1/2011,0,276396
12/1/2011,1,232385
12/1/2011,2,172743
12/1/2011,3,121275
12/1/2011,4,105582
12/1/2011,5,158170
12/1/2011,6,284759
12/1/2011,7,427395
12/1/2011,8,581689
12/1/2011,9,685407
12/1/2011,10,706029
12/1/2011,11,683434
12/1/2011,12,650032
12/1/2011,13,605115
12/1/2011,14,548144
12/1/2011,15,553743
12/1/2011,16,530078
12/1/2011,17,527118
12/1/2011,18,498714
12/1/2011,19,472521
12/1/2011,20,455806
12/1/2011,21,430895
12/1/2011,22,398896
12/1/2011,23,326400
12/2/2011,0,262364
12/2/2011,1,213464
12/2/2011,2,174524
12/2/2011,3,125905
12/2/2011,4,104633
12/2/2011,5,158922
12/2/2011,6,296831
12/2/2011,7,459500
12/2/2011,8,597106
12/2/2011,9,706576
12/2/2011,10,713007
12/2/2011,11,718651
12/2/2011,12,672696
12/2/2011,13,613845
12/2/2011,14,583507
12/2/2011,15,576322
12/2/2011,16,560326
12/2/2011,17,562920
12/2/2011,18,540930
12/2/2011,19,469642
12/2/2011,20,384368
12/2/2011,21,352113
12/2/2011,22,312941
12/2/2011,23,263085
12/3/2011,0,207399
12/3/2011,1,162240
12/3/2011,2,123537
12/3/2011,3,76929
12/3/2011,4,65828
12/3/2011,5,78209
12/3/2011,6,137729
12/3/2011,7,229950
12/3/2011,8,347458
12/3/2011,9,436047
12/3/2011,10,507535
12/3/2011,11,518572
12/3/2011,12,511698
12/3/2011,13,510650
12/3/2011,14,452747
12/3/2011,15,414649
12/3/2011,16,403046
12/3/2011,17,375406
12/3/2011,18,339640
12/3/2011,19,316467
12/3/2011,20,287934
12/3/2011,21,265229
12/3/2011,22,242442
12/3/2011,23,210071
12/4/2011,0,172689
12/4/2011,1,157283
12/4/2011,2,120815
12/4/2011,3,97204
12/4/2011,4,73584
12/4/2011,5,74809
12/4/2011,6,108359
12/4/2011,7,155793
12/4/2011,8,249865
12/4/2011,9,303009
12/4/2011,10,342990
12/4/2011,11,365773
12/4/2011,12,359338
12/4/2011,13,358823
12/4/2011,14,353870
12/4/2011,15,348493
12/4/2011,16,354672
12/4/2011,17,349984
12/4/2011,18,349386
12/4/2011,19,352112
12/4/2011,20,354290
12/4/2011,21,339284
12/4/2011,22,313370
12/4/2011,23,257312
12/5/2011,0,227745
12/5/2011,1,176814
12/5/2011,2,121232
12/5/2011,3,83277
12/5/2011,4,82362
12/5/2011,5,112803
12/5/2011,6,183510
12/5/2011,7,336676
12/5/2011,8,473568
12/5/2011,9,584731
12/5/2011,10,649988
12/5/2011,11,678855
12/5/2011,12,657081
12/5/2011,13,624507
12/5/2011,14,593159
12/5/2011,15,574769
12/5/2011,16,555705
12/5/2011,17,531651
12/5/2011,18,502491
12/5/2011,19,486207
12/5/2011,20,461149
12/5/2011,21,422924
12/5/2011,22,386138
12/5/2011,23,318586
12/6/2011,0,263380
12/6/2011,1,202456
12/6/2011,2,141982
12/6/2011,3,96824
12/6/2011,4,93466
12/6/2011,5,140490
12/6/2011,6,250588
12/6/2011,7,390119
12/6/2011,8,566394
12/6/2011,9,652017
12/6/2011,10,673671
12/6/2011,11,688167
12/6/2011,12,630342
12/6/2011,13,602600
12/6/2011,14,555377
12/6/2011,15,534540
12/6/2011,16,519617
12/6/2011,17,497703
12/6/2011,18,459582
12/6/2011,19,444707
12/6/2011,20,428413
12/6/2011,21,403537
12/6/2011,22,364638
12/6/2011,23,300583
12/7/2011,0,257936
12/7/2011,1,196858
12/7/2011,2,144369
12/7/2011,3,95458
12/7/2011,4,95508
12/7/2011,5,137306
12/7/2011,6,228252
12/7/2011,7,388844
12/7/2011,8,500974
12/7/2011,9,587583
12/7/2011,10,611282
12/7/2011,11,613741
12/7/2011,12,575704
12/7/2011,13,535505
12/7/2011,14,508527
12/7/2011,15,489731
12/7/2011,16,477705
12/7/2011,17,468288
12/7/2011,18,444547
12/7/2011,19,426972
12/7/2011,20,417376
12/7/2011,21,389696
12/7/2011,22,353913
12/7/2011,23,292625
12/8/2011,0,256757
12/8/2011,1,198828
12/8/2011,2,150689
12/8/2011,3,101979
12/8/2011,4,95087
12/8/2011,5,143189
12/8/2011,6,251612
12/8/2011,7,371654
12/8/2011,8,505454
12/8/2011,9,599567
12/8/2011,10,614233
12/8/2011,11,612641
12/8/2011,12,578486
12/8/2011,13,548521
12/8/2011,14,503315
12/8/2011,15,487250
12/8/2011,16,487246
12/8/2011,17,473296
12/8/2011,18,479406
12/8/2011,19,481368
12/8/2011,20,444370
12/8/2011,21,413837
12/8/2011,22,369388
12/8/2011,23,307691
12/9/2011,0,275346
12/9/2011,1,229905
12/9/2011,2,212561
12/9/2011,3,167229
12/9/2011,4,151792
12/9/2011,5,180407
12/9/2011,6,305673
12/9/2011,7,448036
12/9/2011,8,607626
12/9/2011,9,692221
12/9/2011,10,718038
12/9/2011,11,682013
12/9/2011,12,638246
12/9/2011,13,577543
12/9/2011,14,547631
12/9/2011,15,541441
12/9/2011,16,522263
12/9/2011,17,509959
12/9/2011,18,467308
12/9/2011,19,429778
12/9/2011,20,402641
12/9/2011,21,376185
12/9/2011,22,300349
12/9/2011,23,248159
12/10/2011,0,215129
12/10/2011,1,181400
12/10/2011,2,136665
12/10/2011,3,90235
12/10/2011,4,71862
12/10/2011,5,90328
12/10/2011,6,167461
12/10/2011,7,267785
12/10/2011,8,402566
12/10/2011,9,469230
12/10/2011,10,522431
12/10/2011,11,548463
12/10/2011,12,520569
12/10/2011,13,490583
12/10/2011,14,441156
12/10/2011,15,408118
12/10/2011,16,372493
12/10/2011,17,353825
12/10/2011,18,341438
12/10/2011,19,304351
12/10/2011,20,297039
12/10/2011,21,261117
12/10/2011,22,239090
12/10/2011,23,197905
12/11/2011,0,162833
12/11/2011,1,123185
12/11/2011,2,90008
12/11/2011,3,70280
12/11/2011,4,55059
12/11/2011,5,55644
12/11/2011,6,76426
12/11/2011,7,169080
12/11/2011,8,223904
12/11/2011,9,271266
12/11/2011,10,332555
12/11/2011,11,361473
12/11/2011,12,367380
12/11/2011,13,361327
12/11/2011,14,350639
12/11/2011,15,341956
12/11/2011,16,334339
12/11/2011,17,324075
12/11/2011,18,327580
12/11/2011,19,324504
12/11/2011,20,335771
12/11/2011,21,323196
12/11/2011,22,300242
12/11/2011,23,350183
12/12/2011,0,313284
12/12/2011,1,169964
12/12/2011,2,130916
12/12/2011,3,88466
12/12/2011,4,77170
12/12/2011,5,101479
12/12/2011,6,179890
12/12/2011,7,299900
12/12/2011,8,444555
12/12/2011,9,579024
12/12/2011,10,632586
12/12/2011,11,644311
12/12/2011,12,633004
12/12/2011,13,604566
12/12/2011,14,560345
12/12/2011,15,541220
12/12/2011,16,530870
12/12/2011,17,509966
12/12/2011,18,479165
12/12/2011,19,460051
12/12/2011,20,433246
12/12/2011,21,404198
12/12/2011,22,366032
12/12/2011,23,296185
12/13/2011,0,250324
12/13/2011,1,192034
12/13/2011,2,137533
12/13/2011,3,91675
12/13/2011,4,90020
12/13/2011,5,135449
12/13/2011,6,246937
12/13/2011,7,373033
12/13/2011,8,513986
12/13/2011,9,604349
12/13/2011,10,620429
12/13/2011,11,627867
12/13/2011,12,586550
12/13/2011,13,554557
12/13/2011,14,513454
12/13/2011,15,495103
12/13/2011,16,489556
12/13/2011,17,474583
12/13/2011,18,455581
12/13/2011,19,442265
12/13/2011,20,419478
12/13/2011,21,393287
12/13/2011,22,347987
12/13/2011,23,287215
12/14/2011,0,249939
12/14/2011,1,191000
12/14/2011,2,141884
12/14/2011,3,103955
12/14/2011,4,103267
12/14/2011,5,148222
12/14/2011,6,233050
12/14/2011,7,445672
12/14/2011,8,587273
12/14/2011,9,637565
12/14/2011,10,664978
12/14/2011,11,649257
12/14/2011,12,589439
12/14/2011,13,546859
12/14/2011,14,517891
12/14/2011,15,494285
12/14/2011,16,488617
12/14/2011,17,480055
12/14/2011,18,456839
12/14/2011,19,437975
12/14/2011,20,427465
12/14/2011,21,425014
12/14/2011,22,371757
12/14/2011,23,320504
12/15/2011,0,277323
12/15/2011,1,236381
12/15/2011,2,180235
12/15/2011,3,133434
12/15/2011,4,122745
12/15/2011,5,192147
12/15/2011,6,307038
12/15/2011,7,506420
12/15/2011,8,672553
12/15/2011,9,769759
12/15/2011,10,734957
12/15/2011,11,725993
12/15/2011,12,656989
12/15/2011,13,607478
12/15/2011,14,555389
12/15/2011,15,546553
12/15/2011,16,538000
12/15/2011,17,527450
12/15/2011,18,504451
12/15/2011,19,479896
12/15/2011,20,449339
12/15/2011,21,421680
12/15/2011,22,392090
12/15/2011,23,327795
12/16/2011,0,301092
12/16/2011,1,252458
12/16/2011,2,208952
12/16/2011,3,156032
12/16/2011,4,141358
12/16/2011,5,207427
12/16/2011,6,315213
12/16/2011,7,508101
12/16/2011,8,698962
12/16/2011,9,752763
12/16/2011,10,795945
12/16/2011,11,778319
12/16/2011,12,730145
12/16/2011,13,659710
12/16/2011,14,601454
12/16/2011,15,571834
12/16/2011,16,552576
12/16/2011,17,535569
12/16/2011,18,480043
12/16/2011,19,435403
12/16/2011,20,420637
12/16/2011,21,387775
12/16/2011,22,312721
12/16/2011,23,271055
12/17/2011,0,237846
12/17/2011,1,205031
12/17/2011,2,141404
12/17/2011,3,104352
12/17/2011,4,82807
12/17/2011,5,111238
12/17/2011,6,134637
12/17/2011,7,288520
12/17/2011,8,384713
12/17/2011,9,484591
12/17/2011,10,537475
12/17/2011,11,561991
12/17/2011,12,498164
12/17/2011,13,488643
12/17/2011,14,441225
12/17/2011,15,420547
12/17/2011,16,381401
12/17/2011,17,378096
12/17/2011,18,337263
12/17/2011,19,370581
12/17/2011,20,356372
12/17/2011,21,313883
12/17/2011,22,259546
12/17/2011,23,229783
12/18/2011,0,188299
12/18/2011,1,171587
12/18/2011,2,115752
12/18/2011,3,88298
12/18/2011,4,64215
12/18/2011,5,81375
12/18/2011,6,88783
12/18/2011,7,152223
12/18/2011,8,247821
12/18/2011,9,302437
12/18/2011,10,345271
12/18/2011,11,390778
12/18/2011,12,403102
12/18/2011,13,424465
12/18/2011,14,392639
12/18/2011,15,390887
12/18/2011,16,367198
12/18/2011,17,359564
12/18/2011,18,319976
12/18/2011,19,352829
12/18/2011,20,341551
12/18/2011,21,346224
12/18/2011,22,304724
12/18/2011,23,275402
12/19/2011,0,206756
12/19/2011,1,167033
12/19/2011,2,115652
12/19/2011,3,75113
12/19/2011,4,66351
12/19/2011,5,92997
12/19/2011,6,163986
12/19/2011,7,317403
12/19/2011,8,453900
12/19/2011,9,584867
12/19/2011,10,643484
12/19/2011,11,664926
12/19/2011,12,631866
12/19/2011,13,602094
12/19/2011,14,573120
12/19/2011,15,557987
12/19/2011,16,548494
12/19/2011,17,527835
12/19/2011,18,485966
12/19/2011,19,493720
12/19/2011,20,497749
12/19/2011,21,435459
12/19/2011,22,379655
12/19/2011,23,302297
12/20/2011,0,239882
12/20/2011,1,194803
12/20/2011,2,140783
12/20/2011,3,93098
12/20/2011,4,108234
12/20/2011,5,141815
12/20/2011,6,231238
12/20/2011,7,406601
12/20/2011,8,538983
12/20/2011,9,658280
12/20/2011,10,667192
12/20/2011,11,683618
12/20/2011,12,631321
12/20/2011,13,596035
12/20/2011,14,561553
12/20/2011,15,529082
12/20/2011,16,512190
12/20/2011,17,501051
12/20/2011,18,469213
12/20/2011,19,492169
12/20/2011,20,480740
12/20/2011,21,413379
12/20/2011,22,363414
12/20/2011,23,299496
12/21/2011,0,277713
12/21/2011,1,219317
12/21/2011,2,153791
12/21/2011,3,108050
12/21/2011,4,103729
12/21/2011,5,147005
12/21/2011,6,223513
12/21/2011,7,399680
12/21/2011,8,538910
12/21/2011,9,602759
12/21/2011,10,642251
12/21/2011,11,644944
12/21/2011,12,601586
12/21/2011,13,561353
12/21/2011,14,536032
12/21/2011,15,501859
12/21/2011,16,493726
12/21/2011,17,482607
12/21/2011,18,452820
12/21/2011,19,428548
12/21/2011,20,401642
12/21/2011,21,371229
12/21/2011,22,346173
12/21/2011,23,288310
12/22/2011,0,260941
12/22/2011,1,217813
12/22/2011,2,169411
12/22/2011,3,112756
12/22/2011,4,107930
12/22/2011,5,152406
12/22/2011,6,258790
12/22/2011,7,372612
12/22/2011,8,515203
12/22/2011,9,617421
12/22/2011,10,648381
12/22/2011,11,668205
12/22/2011,12,613641
12/22/2011,13,569919
12/22/2011,14,527910
12/22/2011,15,512738
12/22/2011,16,502846
12/22/2011,17,480064
12/22/2011,18,451946
12/22/2011,19,423182
12/22/2011,20,401600
12/22/2011,21,363894
12/22/2011,22,340238
12/22/2011,23,301111
12/23/2011,0,281377
12/23/2011,1,245389
12/23/2011,2,208988
12/23/2011,3,145225
12/23/2011,4,127030
12/23/2011,5,163002
12/23/2011,6,238568
12/23/2011,7,384609
12/23/2011,8,531857
12/23/2011,9,632190
12/23/2011,10,692427
12/23/2011,11,699338
12/23/2011,12,643924
12/23/2011,13,587542
12/23/2011,14,544713
12/23/2011,15,523402
12/23/2011,16,493256
12/23/2011,17,454314
12/23/2011,18,421099
12/23/2011,19,379665
12/23/2011,20,345066
12/23/2011,21,310785
12/23/2011,22,283422
12/23/2011,23,249074
12/24/2011,0,221215
12/24/2011,1,187600
12/24/2011,2,137298
12/24/2011,3,91926
12/24/2011,4,75066
12/24/2011,5,85215
12/24/2011,6,160706
12/24/2011,7,252721
12/24/2011,8,363722
12/24/2011,9,438396
12/24/2011,10,464631
12/24/2011,11,486624
12/24/2011,12,448394
12/24/2011,13,406804
12/24/2011,14,372931
12/24/2011,15,339205
12/24/2011,16,331090
12/24/2011,17,331106
12/24/2011,18,288150
12/24/2011,19,264965
12/24/2011,20,234622
12/24/2011,21,181495
12/24/2011,22,164220
12/24/2011,23,149029
12/25/2011,0,164232
12/25/2011,1,152432
12/25/2011,2,118622
12/25/2011,3,85035
12/25/2011,4,81333
12/25/2011,5,82632
12/25/2011,6,86367
12/25/2011,7,121938
12/25/2011,8,143504
12/25/2011,9,165869
12/25/2011,10,196745
12/25/2011,11,226606
12/25/2011,12,238262
12/25/2011,13,243730
12/25/2011,14,254135
12/25/2011,15,218919
12/25/2011,16,200260
12/25/2011,17,192452
12/25/2011,18,196849
12/25/2011,19,198800
12/25/2011,20,209036
12/25/2011,21,204295
12/25/2011,22,199149
12/25/2011,23,185378
12/26/2011,0,185035
12/26/2011,1,156211
12/26/2011,2,113463
12/26/2011,3,75617
12/26/2011,4,68946
12/26/2011,5,76406
12/26/2011,6,101406
12/26/2011,7,176110
12/26/2011,8,263782
12/26/2011,9,339421
12/26/2011,10,473866
12/26/2011,11,514251
12/26/2011,12,509025
12/26/2011,13,492424
12/26/2011,14,490730
12/26/2011,15,469953
12/26/2011,16,444919
12/26/2011,17,400446
12/26/2011,18,375839
12/26/2011,19,350094
12/26/2011,20,328830
12/26/2011,21,302794
12/26/2011,22,281970
12/26/2011,23,243903
12/27/2011,0,226297
12/27/2011,1,185945
12/27/2011,2,129799
12/27/2011,3,88540
12/27/2011,4,79374
12/27/2011,5,103532
12/27/2011,6,181362
12/27/2011,7,272823
12/27/2011,8,427837
12/27/2011,9,576792
12/27/2011,10,646970
12/27/2011,11,689162
12/27/2011,12,657617
12/27/2011,13,635634
12/27/2011,14,617773
12/27/2011,15,604800
12/27/2011,16,575467
12/27/2011,17,540830
12/27/2011,18,484723
12/27/2011,19,448928
12/27/2011,20,411004
12/27/2011,21,373766
12/27/2011,22,327715
12/27/2011,23,280137
12/28/2011,0,253114
12/28/2011,1,203934
12/28/2011,2,155170
12/28/2011,3,105842
12/28/2011,4,101631
12/28/2011,5,129984
12/28/2011,6,187320
12/28/2011,7,321679
12/28/2011,8,473619
12/28/2011,9,587089
12/28/2011,10,662258
12/28/2011,11,701929
12/28/2011,12,677615
12/28/2011,13,636650
12/28/2011,14,590955
12/28/2011,15,562698
12/28/2011,16,527511
12/28/2011,17,487545
12/28/2011,18,451537
12/28/2011,19,422791
12/28/2011,20,402796
12/28/2011,21,367115
12/28/2011,22,328754
12/28/2011,23,275063
12/29/2011,0,226148
12/29/2011,1,211052
12/29/2011,2,162675
12/29/2011,3,113053
12/29/2011,4,94415
12/29/2011,5,123874
12/29/2011,6,220957
12/29/2011,7,330817
12/29/2011,8,489053
12/29/2011,9,612160
12/29/2011,10,667294
12/29/2011,11,700420
12/29/2011,12,671156
12/29/2011,13,635270
12/29/2011,14,596300
12/29/2011,15,541661
12/29/2011,16,527767
12/29/2011,17,495997
12/29/2011,18,463507
12/29/2011,19,428917
12/29/2011,20,409580
12/29/2011,21,363693
12/29/2011,22,329620
12/29/2011,23,285291
12/30/2011,0,278468
12/30/2011,1,246821
12/30/2011,2,220546
12/30/2011,3,161380
12/30/2011,4,133902
12/30/2011,5,162028
12/30/2011,6,235222
12/30/2011,7,393281
12/30/2011,8,591938
12/30/2011,9,727168
12/30/2011,12,756708
12/30/2011,13,688806
12/30/2011,14,613124
12/30/2011,15,571069
12/30/2011,16,529071
12/30/2011,17,492784
12/30/2011,18,448429
12/30/2011,19,401373
12/30/2011,20,361293
12/30/2011,21,327902
12/30/2011,22,291479
12/30/2011,23,255876
12/31/2011,0,229782
12/31/2011,1,190668
12/31/2011,2,143974
12/31/2011,3,99112
12/31/2011,4,77198
12/31/2011,5,85249
12/31/2011,6,155739
12/31/2011,7,218754
12/31/2011,8,344507
12/31/2011,9,456089
12/31/2011,10,516946
12/31/2011,11,585216
12/31/2011,12,565301
12/31/2011,13,527370
12/31/2011,14,499820
12/31/2011,15,432279
12/31/2011,16,412550
12/31/2011,17,345620
12/31/2011,18,335598
12/31/2011,19,283535
12/31/2011,20,252985
12/31/2011,21,209828
12/31/2011,22,172105
12/31/2011,23,136893
1/1/2012,0,148644
1/1/2012,1,148399
1/1/2012,2,116722
1/1/2012,3,89992
1/1/2012,4,88866
1/1/2012,5,90343
1/1/2012,6,86109
1/1/2012,7,123871
1/1/2012,8,209876
1/1/2012,9,252702
1/1/2012,10,308547
1/1/2012,11,352114
1/1/2012,12,361656
1/1/2012,13,364567
1/1/2012,14,348020
1/1/2012,15,332724
1/1/2012,16,326546
1/1/2012,17,327152
1/1/2012,18,318964
1/1/2012,19,324363
1/1/2012,20,340323
1/1/2012,21,306108
1/1/2012,22,281172
1/1/2012,23,242104
1/2/2012,0,229361
1/2/2012,1,185956
1/2/2012,2,132645
1/2/2012,3,87875
1/2/2012,4,76452
1/2/2012,5,87321
1/2/2012,6,116737
1/2/2012,7,200019
1/2/2012,8,319018
1/2/2012,9,440396
1/2/2012,10,571296
1/2/2012,11,637828
1/2/2012,12,628834
1/2/2012,13,612867
1/2/2012,14,582019
1/2/2012,15,526364
1/2/2012,16,484142
1/2/2012,17,438527
1/2/2012,18,421232
1/2/2012,19,407227
1/2/2012,20,393783
1/2/2012,21,386278
1/2/2012,22,345131
1/2/2012,23,285801
1/3/2012,0,246580
1/3/2012,1,200426
1/3/2012,2,141701
1/3/2012,3,96945
1/3/2012,4,83508
1/3/2012,5,117002
1/3/2012,6,216967
1/3/2012,7,328523
1/3/2012,8,514715
1/3/2012,9,654588
1/3/2012,10,714348
1/3/2012,11,747388
1/3/2012,12,730848
1/3/2012,13,703804
1/3/2012,14,644387
1/3/2012,15,632831
1/3/2012,16,651947
1/3/2012,17,610499
1/3/2012,18,563010
1/3/2012,19,550300
1/3/2012,20,506546
1/3/2012,21,472750
1/3/2012,22,396477
1/3/2012,23,316812
1/4/2012,0,275124
1/4/2012,1,216090
1/4/2012,2,160916
1/4/2012,3,110833
1/4/2012,4,105631
1/4/2012,5,140943
1/4/2012,6,224728
1/4/2012,7,396877
1/4/2012,8,527952
1/4/2012,9,635385
1/4/2012,10,678892
1/4/2012,11,705699
1/4/2012,12,663327
1/4/2012,13,627307
1/4/2012,14,588992
1/4/2012,15,552072
1/4/2012,16,554539
1/4/2012,17,542600
1/4/2012,18,509076
1/4/2012,19,493554
1/4/2012,20,492381
1/4/2012,21,446279
1/4/2012,22,395707
1/4/2012,23,322847
1/5/2012,0,274394
1/5/2012,1,220163
1/5/2012,2,177660
1/5/2012,3,125067
1/5/2012,4,119304
1/5/2012,5,151481
1/5/2012,6,260914
1/5/2012,7,405905
1/5/2012,8,557035
1/5/2012,9,655067
1/5/2012,10,679069
1/5/2012,11,689816
1/5/2012,12,628695
1/5/2012,13,589100
1/5/2012,14,553751
1/5/2012,15,543070
1/5/2012,16,557172
1/5/2012,17,541829
1/5/2012,18,517213
1/5/2012,19,501209
1/5/2012,20,474925
1/5/2012,21,441983
1/5/2012,22,381906
1/5/2012,23,309054
1/6/2012,0,265739
1/6/2012,1,234666
1/6/2012,2,245508
1/6/2012,3,187802
1/6/2012,4,163600
1/6/2012,5,200539
1/6/2012,6,304036
1/6/2012,7,458294
1/6/2012,8,608580
1/6/2012,9,720793
1/6/2012,10,720410
1/6/2012,11,712835
1/6/2012,12,668047
1/6/2012,13,635850
1/6/2012,14,589764
1/6/2012,15,573298
1/6/2012,16,588212
1/6/2012,17,569793
1/6/2012,18,527920
1/6/2012,19,491713
1/6/2012,20,412756
1/6/2012,21,358906
1/6/2012,22,312534
1/6/2012,23,256334
